ticker,trade_date,open,high,low,close,turnover,share_volume,trade_volume
UCAR.N0000,2016-01-05,550.0,550.0,550.0,600.0,550.0,1,1
UCAR.N0000,2016-01-17,530.0,530.0,530.0,600.0,530.0,1,1
UCAR.N0000,2016-01-18,530.0,530.0,530.0,600.0,2650.0,5,1
UCAR.N0000,2016-01-19,501.1,501.1,501.1,600.0,501.1,1,1
UCAR.N0000,2016-01-20,580.0,580.0,580.0,600.0,11600.0,20,1
UCAR.N0000,2016-01-24,520.1,520.1,520.1,600.0,1040.2,2,2
UCAR.N0000,2016-01-31,550.0,550.0,530.0,600.0,16450.1,31,4
UCAR.N0000,2016-02-01,550.0,550.0,550.0,600.0,5500.0,10,1
UCAR.N0000,2016-02-02,590.0,639.0,590.0,624.3,580583.6,931,11
UCAR.N0000,2016-02-18,600.0,600.0,600.0,600.0,60000.0,100,1
UCAR.N0000,2016-02-22,600.0,600.0,600.0,600.0,1200.0,2,1
UCAR.N0000,2016-02-23,590.0,590.0,590.0,590.0,59000.0,100,1
UCAR.N0000,2016-02-24,580.0,580.0,580.0,590.0,35380.0,61,4
UCAR.N0000,2016-02-25,580.0,580.0,580.0,590.0,22620.0,39,1
UCAR.N0000,2016-03-10,600.0,600.0,600.0,590.0,600.0,1,1
UCAR.N0000,2016-03-30,591.0,591.0,591.0,590.0,29550.0,50,1
UCAR.N0000,2016-04-26,630.0,630.0,630.0,590.0,6930.0,11,1
UCAR.N0000,2016-05-05,496.0,570.0,496.0,590.0,26658.0,53,2
UCAR.N0000,2016-05-08,570.0,570.0,570.0,590.0,24510.0,43,2
UCAR.N0000,2016-05-11,570.0,570.0,570.0,590.0,5700.0,10,1
UCAR.N0000,2016-05-23,600.0,600.0,575.0,590.0,7175.0,12,5
UCAR.N0000,2016-05-29,600.0,600.0,600.0,590.0,1800.0,3,1
UCAR.N0000,2016-06-16,500.0,550.0,500.0,544.6,61000.0,112,6
UCAR.N0000,2016-07-10,591.0,591.0,554.0,544.6,3365.0,6,4
UCAR.N0000,2016-07-17,550.0,550.0,550.0,544.6,3300.0,6,2
UCAR.N0000,2016-07-20,550.0,550.0,550.0,544.6,23100.0,42,4
UCAR.N0000,2016-07-21,520.0,544.6,520.0,544.6,2104.6,4,3
UCAR.N0000,2016-07-24,546.0,546.0,546.0,544.6,5460.0,10,4
UCAR.N0000,2016-07-25,544.6,544.6,544.6,544.6,54460.0,100,2
UCAR.N0000,2016-07-26,545.0,545.0,545.0,544.6,4905.0,9,1
UCAR.N0000,2016-07-27,540.0,550.0,540.0,544.6,8200.0,15,2
UCAR.N0000,2016-07-28,550.0,550.0,550.0,544.6,11000.0,20,1
UCAR.N0000,2016-08-01,550.0,550.0,550.0,544.6,2200.0,4,3
UCAR.N0000,2016-08-04,550.0,550.0,550.0,544.6,2750.0,5,1
UCAR.N0000,2016-08-07,550.0,550.0,550.0,544.6,550.0,1,1
UCAR.N0000,2016-08-08,560.0,560.0,560.0,544.6,11200.0,20,3
UCAR.N0000,2016-08-09,550.0,550.0,550.0,544.6,2750.0,5,1
UCAR.N0000,2016-08-18,555.0,555.0,555.0,544.6,8880.0,16,1
UCAR.N0000,2016-08-22,624.9,624.9,624.9,544.6,624.9,1,1
UCAR.N0000,2016-08-23,615.0,615.0,615.0,544.6,1230.0,2,1
UCAR.N0000,2016-09-01,555.0,555.0,555.0,544.6,5550.0,10,1
UCAR.N0000,2016-09-04,510.0,510.0,510.0,544.6,30600.0,60,2
UCAR.N0000,2016-09-05,555.0,555.0,555.0,544.6,555.0,1,1
UCAR.N0000,2016-09-19,515.0,515.0,515.0,515.0,751900.0,1460,2
UCAR.N0000,2016-09-26,520.0,520.0,515.0,515.0,12920.0,25,2
UCAR.N0000,2016-10-05,595.0,595.0,595.0,515.0,16660.0,28,1
UCAR.N0000,2016-10-11,551.0,551.0,522.0,515.0,14674.0,28,2
UCAR.N0000,2016-10-12,530.0,599.9,530.0,515.0,2859.3,5,3
UCAR.N0000,2016-11-03,521.2,521.2,521.2,521.2,613452.4,1177,1
UCAR.N0000,2016-11-14,510.0,510.0,510.0,521.2,1020.0,2,1
UCAR.N0000,2016-11-20,512.0,512.1,512.0,521.2,33280.5,65,3
UCAR.N0000,2016-11-21,513.0,513.0,512.0,512.0,125958.0,246,3
UCAR.N0000,2016-11-27,500.1,500.1,500.0,500.0,125000.1,250,4
UCAR.N0000,2016-11-29,510.0,510.0,510.0,510.0,86700.0,170,1
UCAR.N0000,2016-12-05,510.0,510.1,510.0,510.0,98940.1,194,2
UCAR.N0000,2016-12-06,510.2,510.2,510.2,510.2,51020.0,100,1
UCAR.N0000,2016-12-19,500.0,500.0,500.0,510.2,5000.0,10,1
UCAR.N0000,2016-12-28,510.2,510.2,510.2,510.2,510.2,1,1
UCAR.N0000,2017-01-23,550.0,550.0,550.0,550.0,647350.0,1177,3
UCAR.N0000,2017-01-25,500.3,500.3,500.3,550.0,500.3,1,1
UCAR.N0000,2017-02-05,600.0,600.0,600.0,550.0,1200.0,2,1
UCAR.N0000,2017-02-16,589.9,589.9,589.9,550.0,589.9,1,1
UCAR.N0000,2017-02-21,550.0,550.0,550.0,550.0,21450.0,39,1
UCAR.N0000,2017-02-28,588.9,588.9,588.9,550.0,588.9,1,1
UCAR.N0000,2017-03-07,599.2,599.2,599.2,550.0,599.2,1,1
UCAR.N0000,2017-03-08,555.0,555.0,555.0,550.0,555.0,1,1
UCAR.N0000,2017-03-09,648.1,648.1,648.1,550.0,648.1,1,1
UCAR.N0000,2017-03-21,550.0,550.1,550.0,550.1,357515.0,650,5
UCAR.N0000,2017-03-22,550.1,550.1,550.0,550.0,275007.0,500,4
UCAR.N0000,2017-03-26,550.1,550.1,550.1,550.1,55010.0,100,1
UCAR.N0000,2017-03-27,550.1,550.1,550.1,550.1,1650.3,3,1
UCAR.N0000,2017-03-29,550.1,550.1,550.1,550.1,2200.4,4,1
UCAR.N0000,2017-03-30,570.0,570.0,570.0,550.1,570.0,1,1
UCAR.N0000,2017-04-16,650.0,650.0,650.0,550.1,650.0,1,1
UCAR.N0000,2017-04-24,600.0,600.0,599.0,599.4,70732.0,118,4
UCAR.N0000,2017-04-27,600.0,600.0,600.0,600.0,63600.0,106,3
UCAR.N0000,2017-05-02,625.0,625.0,625.0,600.0,625.0,1,1
UCAR.N0000,2017-05-03,619.9,619.9,619.9,600.0,619.9,1,1
UCAR.N0000,2017-05-08,600.0,600.0,600.0,600.0,120000.0,200,3
UCAR.N0000,2017-05-14,609.9,610.0,609.0,600.0,12196.8,20,4
UCAR.N0000,2017-05-15,639.9,639.9,639.9,600.0,639.9,1,1
UCAR.N0000,2017-05-17,639.9,639.9,639.9,600.0,1279.8,2,2
UCAR.N0000,2017-05-18,606.0,606.0,606.0,600.0,606.0,1,1
UCAR.N0000,2017-05-31,644.0,644.0,644.0,600.0,1288.0,2,1
UCAR.N0000,2017-06-08,625.0,625.0,625.0,600.0,1250.0,2,1
UCAR.N0000,2017-06-11,625.0,625.0,600.1,600.1,69111.2,115,5
UCAR.N0000,2017-06-12,601.0,601.0,600.0,600.1,308439.0,514,7
UCAR.N0000,2017-06-27,640.0,640.0,456.2,600.1,6114.4,13,4
UCAR.N0000,2017-06-28,472.5,549.9,460.0,463.8,496722.2,1071,19
UCAR.N0000,2017-07-02,530.0,530.0,530.0,530.0,53000.0,100,2
UCAR.N0000,2017-07-06,548.8,548.8,548.8,530.0,548.8,1,1
UCAR.N0000,2017-07-09,539.9,630.0,530.0,530.0,48373.5,79,6
UCAR.N0000,2017-07-10,520.0,520.0,520.0,530.0,29120.0,56,3
UCAR.N0000,2017-07-13,501.0,520.0,500.2,501.6,54168.2,108,7
UCAR.N0000,2017-07-16,500.0,500.0,500.0,501.6,13000.0,26,1
UCAR.N0000,2017-07-18,500.0,500.0,500.0,500.0,100000.0,200,3
UCAR.N0000,2017-07-19,500.0,500.0,500.0,500.0,250000.0,500,1
UCAR.N0000,2017-07-23,485.3,500.0,485.2,500.0,85219.1,171,6
UCAR.N0000,2017-07-26,500.0,500.0,500.0,500.0,5000.0,10,1
UCAR.N0000,2017-08-10,500.0,500.0,500.0,500.0,500.0,1,1
UCAR.N0000,2017-08-16,430.0,430.0,430.0,500.0,430.0,1,1
UCAR.N0000,2017-08-30,430.0,430.0,430.0,500.0,12900.0,30,1
UCAR.N0000,2017-09-03,499.7,499.7,450.0,500.0,9497.0,20,2
UCAR.N0000,2017-09-12,499.0,499.0,499.0,500.0,499.0,1,1
UCAR.N0000,2017-09-24,390.1,390.1,390.0,390.0,39001.5,100,2
UCAR.N0000,2017-10-02,407.0,407.0,407.0,407.0,40700.0,100,3
UCAR.N0000,2017-10-10,499.0,507.7,499.0,407.0,13010.1,26,6
UCAR.N0000,2017-10-11,500.0,500.0,499.0,407.0,3494.0,7,3
UCAR.N0000,2017-10-18,500.0,500.0,410.0,417.2,47053.2,112,9
UCAR.N0000,2017-10-24,410.0,410.0,410.0,417.2,4100.0,10,2
UCAR.N0000,2017-10-26,449.0,449.0,449.0,417.2,449.0,1,1
UCAR.N0000,2017-10-30,406.0,406.0,406.0,417.2,406.0,1,1
UCAR.N0000,2017-11-12,417.2,417.2,417.2,417.2,62580.0,150,1
UCAR.N0000,2017-11-20,420.0,420.0,420.0,417.2,840.0,2,2
UCAR.N0000,2017-11-23,402.0,402.0,402.0,417.2,3216.0,8,1
UCAR.N0000,2017-12-03,417.5,417.5,417.5,417.2,1670.0,4,2
UCAR.N0000,2017-12-04,417.2,417.2,417.2,417.2,208600.0,500,3
UCAR.N0000,2017-12-05,419.8,419.8,400.0,400.1,160839.6,402,3
UCAR.N0000,2017-12-14,401.0,401.0,401.0,400.1,401.0,1,1
UCAR.N0000,2017-12-21,390.1,390.1,390.1,400.1,1560.4,4,2
UCAR.N0000,2017-12-27,390.0,390.0,389.9,400.1,779.9,2,2
UCAR.N0000,2017-12-28,500.0,500.0,500.0,400.1,1500.0,3,1
UCAR.N0000,2018-01-09,391.0,391.0,391.0,400.1,7820.0,20,2
UCAR.N0000,2018-01-21,490.0,490.0,490.0,400.1,4900.0,10,1
UCAR.N0000,2018-01-23,400.0,400.0,400.0,400.0,224000.0,560,4
UCAR.N0000,2018-01-25,391.2,391.2,391.2,400.0,7824.0,20,1
UCAR.N0000,2018-01-29,400.0,400.0,400.0,400.0,4000.0,10,1
UCAR.N0000,2018-02-01,409.5,409.5,409.5,400.0,8190.0,20,1
UCAR.N0000,2018-02-06,425.0,425.0,425.0,400.0,8500.0,20,1
UCAR.N0000,2018-02-14,451.0,451.0,450.0,400.0,4951.0,11,3
UCAR.N0000,2018-02-20,480.0,480.0,480.0,400.0,5280.0,11,3
UCAR.N0000,2018-02-26,405.0,405.0,405.0,400.0,405.0,1,1
UCAR.N0000,2018-03-01,450.0,450.0,450.0,400.0,9000.0,20,1
UCAR.N0000,2018-03-05,449.0,449.0,403.5,400.0,7712.0,19,3
UCAR.N0000,2018-03-08,400.0,483.0,400.0,400.0,29380.0,61,5
UCAR.N0000,2018-03-13,413.0,413.0,410.0,400.0,20503.0,50,3
UCAR.N0000,2018-03-21,420.0,420.0,420.0,420.0,42000.0,100,1
UCAR.N0000,2018-03-22,498.8,498.8,498.8,420.0,498.8,1,1
UCAR.N0000,2018-04-02,420.0,425.0,420.0,420.0,27575.0,65,2
UCAR.N0000,2018-04-10,420.0,420.0,420.0,420.0,21000.0,50,1
UCAR.N0000,2018-04-11,499.0,499.0,499.0,420.0,499.0,1,1
UCAR.N0000,2018-04-15,400.0,400.0,400.0,420.0,8000.0,20,2
UCAR.N0000,2018-04-25,420.0,420.0,420.0,420.0,12600.0,30,3
UCAR.N0000,2018-04-26,450.0,498.8,450.0,420.0,4365.1,9,5
UCAR.N0000,2018-05-10,498.5,498.5,498.5,420.0,498.5,1,1
UCAR.N0000,2018-05-17,497.0,497.0,497.0,420.0,497.0,1,1
UCAR.N0000,2018-05-23,450.0,450.0,450.0,420.0,22500.0,50,2
UCAR.N0000,2018-05-27,469.5,469.5,469.5,420.0,1878.0,4,3
UCAR.N0000,2018-05-31,460.0,460.0,460.0,420.0,1380.0,3,1
UCAR.N0000,2018-06-03,455.0,455.0,455.0,455.0,91000.0,200,1
UCAR.N0000,2018-06-04,430.1,430.1,405.0,455.0,16251.2,40,5
UCAR.N0000,2018-06-05,400.2,400.2,400.2,455.0,3601.8,9,1
UCAR.N0000,2018-06-06,400.0,400.0,400.0,400.0,800800.0,2002,5
UCAR.N0000,2018-06-07,402.0,402.0,402.0,402.0,804000.0,2000,2
UCAR.N0000,2018-06-11,400.0,400.0,400.0,400.0,800000.0,2000,4
UCAR.N0000,2018-06-12,400.0,400.0,400.0,400.0,401600.0,1004,5
UCAR.N0000,2018-06-18,450.0,451.9,450.0,400.0,22505.7,50,2
UCAR.N0000,2018-06-25,376.0,376.0,376.0,400.0,1128.0,3,2
UCAR.N0000,2018-06-28,450.4,450.4,450.4,400.0,450.4,1,1
UCAR.N0000,2018-07-01,400.1,400.1,400.0,400.0,9600.4,24,3
UCAR.N0000,2018-07-15,400.0,400.0,400.0,400.0,400.0,1,1
UCAR.N0000,2018-07-19,400.0,400.0,400.0,400.0,2000.0,5,3
UCAR.N0000,2018-07-22,400.0,400.0,399.0,400.0,799.0,2,2
UCAR.N0000,2018-07-23,400.0,400.0,400.0,400.0,400.0,1,1
UCAR.N0000,2018-07-24,400.0,400.0,399.0,400.0,34397.0,86,3
UCAR.N0000,2018-08-02,400.0,400.0,400.0,400.0,12000.0,30,1
UCAR.N0000,2018-08-14,400.0,400.0,395.0,400.0,1590.0,4,3
UCAR.N0000,2018-08-15,394.9,394.9,394.9,400.0,789.8,2,1
UCAR.N0000,2018-08-16,390.0,390.0,390.0,400.0,37440.0,96,1
UCAR.N0000,2018-08-27,399.9,399.9,399.9,400.0,399.9,1,1
UCAR.N0000,2018-09-03,399.8,399.9,399.0,400.0,6387.2,16,8
UCAR.N0000,2018-09-06,399.0,399.0,399.0,400.0,3990.0,10,1
UCAR.N0000,2018-09-09,399.0,399.0,399.0,400.0,4389.0,11,2
UCAR.N0000,2018-09-10,399.0,399.0,399.0,400.0,4389.0,11,4
UCAR.N0000,2018-09-11,399.0,399.0,398.8,400.0,6381.0,16,3
UCAR.N0000,2018-09-12,380.0,380.0,380.0,400.0,1520.0,4,1
UCAR.N0000,2018-09-16,380.0,380.0,380.0,400.0,9880.0,26,6
UCAR.N0000,2018-09-17,379.9,379.9,310.1,400.0,20661.9,66,3
UCAR.N0000,2018-09-18,379.9,380.0,379.0,400.0,3415.6,9,4
UCAR.N0000,2018-09-19,387.5,387.5,387.5,400.0,387.5,1,1
UCAR.N0000,2018-09-20,387.5,387.5,378.0,400.0,3425.0,9,8
UCAR.N0000,2018-09-24,380.0,380.0,379.0,400.0,759.0,2,2
UCAR.N0000,2018-09-25,378.0,378.0,376.0,400.0,2643.0,7,5
UCAR.N0000,2018-09-26,375.0,375.0,350.0,400.0,22212.0,63,9
UCAR.N0000,2018-10-07,400.0,365.0,365.0,400.0,365.0,1,1
UCAR.N0000,2018-10-08,400.0,391.5,368.3,400.0,26389.5,71,3
UCAR.N0000,2018-10-14,400.0,390.0,389.0,400.0,779.0,2,2
UCAR.N0000,2018-10-15,400.0,399.0,399.0,400.0,1197.0,3,1
UCAR.N0000,2018-10-21,400.0,398.0,398.0,400.0,398.0,1,1
UCAR.N0000,2018-10-22,400.0,399.0,399.0,400.0,9975.0,25,1
UCAR.N0000,2018-10-24,400.0,389.9,389.7,400.0,779.6,2,2
UCAR.N0000,2018-11-04,400.0,395.0,390.0,400.0,1179.0,3,3
UCAR.N0000,2018-11-13,400.0,395.0,395.0,400.0,395.0,1,1
UCAR.N0000,2018-11-18,400.0,395.0,395.0,400.0,790.0,2,2
UCAR.N0000,2018-11-20,400.0,395.0,310.0,400.0,7025.0,20,6
UCAR.N0000,2018-11-25,400.0,395.0,394.9,400.0,1974.9,5,3
UCAR.N0000,2018-11-26,400.0,394.0,394.0,400.0,394.0,1,1
UCAR.N0000,2018-11-27,400.0,394.8,394.8,400.0,789.6,2,1
UCAR.N0000,2018-12-03,400.0,400.0,400.0,400.0,400.0,1,1
UCAR.N0000,2018-12-13,400.0,399.8,399.8,400.0,399.8,1,1
UCAR.N0000,2018-12-27,400.0,400.0,399.0,400.0,5987.9,15,6
UCAR.N0000,2019-01-07,400.0,398.9,398.9,400.0,797.8,2,2
UCAR.N0000,2019-01-08,400.0,399.0,399.0,400.0,1197.0,3,1
UCAR.N0000,2019-01-10,400.0,399.0,398.8,400.0,2791.9,7,4
UCAR.N0000,2019-01-13,400.0,399.0,399.0,400.0,1197.0,3,1
UCAR.N0000,2019-01-15,400.0,399.0,399.0,400.0,2394.0,6,3
UCAR.N0000,2019-01-20,400.0,350.0,350.0,400.0,2100.0,6,3
UCAR.N0000,2019-01-22,400.0,301.0,301.0,400.0,6020.0,20,1
UCAR.N0000,2019-01-23,400.0,340.0,310.0,400.0,650.0,2,2
UCAR.N0000,2019-01-24,400.0,370.0,370.0,400.0,370.0,1,1
UCAR.N0000,2019-01-29,400.0,394.9,390.0,400.0,1569.8,4,2
UCAR.N0000,2019-01-31,400.0,394.9,392.0,400.0,4314.9,11,2
UCAR.N0000,2019-02-04,400.0,394.0,394.0,400.0,394.0,1,1
UCAR.N0000,2019-02-05,400.0,395.0,395.0,400.0,7505.0,19,3
UCAR.N0000,2019-02-11,400.0,390.0,390.0,400.0,1560.0,4,2
UCAR.N0000,2019-02-19,400.0,390.0,390.0,400.0,6240.0,16,2
UCAR.N0000,2019-03-20,310.0,310.1,300.0,400.0,4910.5,16,6
UCAR.N0000,2019-03-21,310.1,310.1,310.1,400.0,310.1,1,1
UCAR.N0000,2019-03-31,310.0,310.0,310.0,400.0,6820.0,22,2
UCAR.N0000,2019-04-03,380.0,380.0,380.0,400.0,380.0,1,1
UCAR.N0000,2019-04-25,394.9,400.0,394.9,400.0,22319.6,56,4
UCAR.N0000,2019-05-01,395.0,395.0,395.0,400.0,395.0,1,1
UCAR.N0000,2019-05-06,375.0,375.0,375.0,400.0,375.0,1,1
UCAR.N0000,2019-05-08,375.0,375.0,375.0,400.0,1125.0,3,3
UCAR.N0000,2019-05-16,350.0,350.0,350.0,400.0,4900.0,14,2
UCAR.N0000,2019-05-20,375.0,375.0,375.0,400.0,750.0,2,1
UCAR.N0000,2019-05-29,300.1,300.1,300.1,400.0,600.2,2,1
UCAR.N0000,2019-06-06,400.0,400.0,399.9,400.0,1199.9,3,3
UCAR.N0000,2019-06-16,449.0,449.0,449.0,400.0,2245.0,5,2
UCAR.N0000,2019-06-17,449.0,449.0,449.0,400.0,449.0,1,1
UCAR.N0000,2019-06-19,400.0,400.0,400.0,400.0,1200.0,3,3
UCAR.N0000,2019-06-20,400.0,400.0,400.0,400.0,400.0,1,1
UCAR.N0000,2019-06-27,494.9,494.9,494.9,400.0,494.9,1,1
UCAR.N0000,2019-07-09,400.0,400.0,400.0,400.0,400.0,1,1
UCAR.N0000,2019-07-10,400.0,400.0,400.0,400.0,800.0,2,2
UCAR.N0000,2019-07-22,498.0,498.0,498.0,400.0,498.0,1,1
UCAR.N0000,2019-07-29,400.0,400.0,400.0,400.0,10000.0,25,3
UCAR.N0000,2019-07-30,425.0,425.0,425.0,400.0,425.0,1,1
UCAR.N0000,2019-08-14,400.1,400.1,400.1,400.0,800.2,2,1
UCAR.N0000,2019-08-18,400.0,400.0,400.0,400.0,400.0,1,1
UCAR.N0000,2019-08-19,400.0,400.0,399.0,400.0,1198.0,3,3
UCAR.N0000,2019-08-25,400.0,400.0,400.0,400.0,400.0,1,1
UCAR.N0000,2019-08-27,344.0,355.0,344.0,400.0,4827.0,14,7
UCAR.N0000,2019-08-29,484.1,484.1,484.1,400.0,484.1,1,1
UCAR.N0000,2019-09-04,399.0,399.0,399.0,400.0,7980.0,20,5
UCAR.N0000,2019-09-18,399.0,399.0,399.0,400.0,1596.0,4,2
UCAR.N0000,2019-10-09,390.0,400.0,390.0,397.6,87000.0,220,9
UCAR.N0000,2019-10-10,400.0,400.0,400.0,397.6,15600.0,39,1
UCAR.N0000,2019-10-14,400.0,400.0,400.0,397.6,8800.0,22,4
UCAR.N0000,2019-10-20,370.0,370.0,370.0,397.6,370.0,1,1
UCAR.N0000,2019-10-22,400.0,410.0,400.0,408.2,358200.0,878,3
UCAR.N0000,2019-10-23,410.0,410.0,410.0,408.2,1640.0,4,1
UCAR.N0000,2019-10-28,400.2,400.2,380.1,400.0,151584.3,379,11
UCAR.N0000,2019-10-29,400.0,400.0,400.0,400.0,5600.0,14,2
UCAR.N0000,2019-10-30,400.0,400.0,400.0,400.0,2000.0,5,1
UCAR.N0000,2019-10-31,400.0,400.0,400.0,400.0,1600.0,4,1
UCAR.N0000,2019-11-07,400.0,400.0,400.0,400.0,2800.0,7,2
UCAR.N0000,2019-11-12,354.0,354.0,351.0,400.0,17593.4,50,5
UCAR.N0000,2019-11-14,397.0,398.9,397.0,400.0,1194.8,3,3
UCAR.N0000,2019-11-17,385.0,399.9,385.0,400.0,22764.7,59,3
UCAR.N0000,2019-11-18,399.9,399.9,399.8,400.0,1599.5,4,3
UCAR.N0000,2019-11-19,400.0,400.0,400.0,400.0,1200.0,3,1
UCAR.N0000,2019-11-20,399.0,399.0,399.0,400.0,399.0,1,1
UCAR.N0000,2019-11-25,399.0,399.0,398.0,400.0,9167.0,23,5
UCAR.N0000,2019-11-26,400.0,400.0,400.0,400.0,1200.0,3,3
UCAR.N0000,2019-11-27,400.0,400.0,400.0,400.0,400.0,1,1
UCAR.N0000,2019-12-11,400.0,400.0,400.0,400.0,400.0,1,1
UCAR.N0000,2019-12-17,400.0,400.0,400.0,400.0,400.0,1,1
UCAR.N0000,2019-12-19,365.0,400.0,365.0,400.0,4450.0,12,5
UCAR.N0000,2019-12-19,365.0,400.0,365.0,400.0,4450.0,12,5
UCAR.N0000,2019-12-22,400.0,400.0,399.5,400.0,3599.5,9,4
UCAR.N0000,2019-12-23,399.5,399.5,399.5,400.0,799.0,2,2
UCAR.N0000,2019-12-25,400.0,400.0,400.0,400.0,1200.0,3,2
UCAR.N0000,2019-12-26,400.0,400.0,400.0,400.0,2000.0,5,3
UCAR.N0000,2019-12-29,399.0,399.0,399.0,400.0,9975.0,25,1
UCAR.N0000,2020-01-01,399.0,399.0,399.0,400.0,23940.0,60,2
UCAR.N0000,2020-01-21,409.0,409.0,409.0,400.0,4499.0,11,1
UCAR.N0000,2020-01-22,400.0,400.0,400.0,400.0,800.0,2,1
UCAR.N0000,2020-01-23,400.0,400.0,400.0,400.0,1200.0,3,2
UCAR.N0000,2020-01-26,400.0,400.0,400.0,400.0,1200.0,3,2
UCAR.N0000,2020-01-30,400.0,400.0,399.9,400.0,2799.7,7,4
UCAR.N0000,2020-02-02,353.0,353.0,353.0,400.0,1765.0,5,1
UCAR.N0000,2020-02-05,395.0,395.0,395.0,400.0,1975.0,5,1
UCAR.N0000,2020-02-10,400.0,400.0,354.1,400.0,6065.6,17,3
UCAR.N0000,2020-02-12,400.0,400.0,400.0,400.0,400.0,1,1
UCAR.N0000,2020-02-13,360.5,360.5,360.5,400.0,3605.0,10,1
UCAR.N0000,2020-02-17,365.1,365.1,365.1,400.0,730.2,2,1
UCAR.N0000,2020-02-18,397.5,397.5,397.5,400.0,1192.5,3,1
UCAR.N0000,2020-02-25,399.0,399.0,399.0,400.0,399.0,1,1
UCAR.N0000,2020-02-27,385.0,398.6,366.0,400.0,20609.6,56,5
UCAR.N0000,2020-03-01,398.3,398.3,398.3,400.0,796.6,2,1
UCAR.N0000,2020-05-10,300.0,300.0,300.0,400.0,1500.0,5,1
UCAR.N0000,2020-05-11,350.0,413.0,300.0,300.8,58963.0,196,7
UCAR.N0000,2020-05-19,375.0,375.0,375.0,300.8,24000.0,64,5
UCAR.N0000,2020-05-25,375.0,375.0,374.8,300.8,7122.2,19,3
UCAR.N0000,2020-05-28,375.0,375.0,375.0,375.0,81750.0,218,1
UCAR.N0000,2020-05-31,375.0,375.0,375.0,375.0,1875.0,5,3
UCAR.N0000,2020-06-01,377.0,377.0,377.0,375.0,1885.0,5,1
UCAR.N0000,2020-06-03,377.5,377.5,377.5,375.0,1887.5,5,1
UCAR.N0000,2020-06-07,378.3,413.9,378.3,375.0,2305.4,6,2
UCAR.N0000,2020-06-08,413.0,413.0,413.0,375.0,413.0,1,1
UCAR.N0000,2020-06-21,375.0,375.0,375.0,375.0,5250.0,14,2
UCAR.N0000,2020-06-22,375.0,400.0,375.0,375.0,2275.0,6,3
UCAR.N0000,2020-06-23,400.0,412.0,400.0,375.0,24491.9,60,3
UCAR.N0000,2020-06-24,412.5,413.0,412.0,375.0,2473.5,6,3
UCAR.N0000,2020-06-25,413.0,413.0,413.0,375.0,2065.0,5,1
UCAR.N0000,2020-06-28,415.0,415.0,415.0,375.0,18675.0,45,3
UCAR.N0000,2020-06-29,382.7,449.8,382.6,383.4,197066.6,514,6
UCAR.N0000,2020-07-01,449.7,460.0,400.0,400.2,450707.1,1123,14
UCAR.N0000,2020-07-02,400.1,410.0,400.0,400.0,470451.0,1176,10
UCAR.N0000,2020-07-05,391.4,485.0,391.4,449.9,67485.2,150,8
UCAR.N0000,2020-07-06,450.0,497.9,400.0,449.9,21441.2,46,8
UCAR.N0000,2020-07-07,441.0,488.9,421.0,433.1,84642.1,195,12
UCAR.N0000,2020-07-08,412.9,412.9,412.9,433.1,412.9,1,1
UCAR.N0000,2020-07-09,413.2,415.0,401.3,412.9,90423.7,219,8
UCAR.N0000,2020-07-12,449.9,449.9,406.1,412.9,4149.1,10,5
UCAR.N0000,2020-07-14,406.8,406.8,406.8,412.9,4068.0,10,1
UCAR.N0000,2020-07-16,498.8,498.8,479.7,412.9,15067.7,31,3
UCAR.N0000,2020-07-19,470.0,470.0,470.0,412.9,470.0,1,1
UCAR.N0000,2020-07-20,468.0,516.0,468.0,479.4,71909.3,150,12
UCAR.N0000,2020-07-21,479.9,479.9,479.9,479.4,479.9,1,1
UCAR.N0000,2020-07-22,465.0,599.2,465.0,530.6,154801.3,293,21
UCAR.N0000,2020-07-23,520.0,520.0,500.0,530.6,6080.0,12,3
UCAR.N0000,2020-07-27,505.0,505.0,505.0,530.6,2525.0,5,2
UCAR.N0000,2020-07-28,500.1,530.0,431.0,448.0,811895.1,1733,79
UCAR.N0000,2020-07-29,435.1,470.0,435.0,436.6,78622.7,180,26
UCAR.N0000,2020-07-30,432.3,456.0,432.2,436.6,17213.3,39,7
UCAR.N0000,2020-08-05,435.0,435.0,435.0,436.6,1305.0,3,1
UCAR.N0000,2020-08-06,438.1,438.1,438.1,436.6,1752.4,4,2
UCAR.N0000,2020-08-09,438.6,438.6,438.0,438.3,46894.2,107,8
UCAR.N0000,2020-08-10,440.0,440.0,440.0,438.3,440.0,1,1
UCAR.N0000,2020-08-12,445.0,445.0,439.0,438.3,8840.0,20,2
UCAR.N0000,2020-08-23,441.0,441.0,441.0,438.3,2205.0,5,1
UCAR.N0000,2020-08-24,441.0,441.0,441.0,441.0,44541.0,101,2
UCAR.N0000,2020-08-30,431.3,450.0,431.3,441.0,1762.6,4,2
UCAR.N0000,2020-09-03,450.0,450.0,450.0,441.0,2250.0,5,1
UCAR.N0000,2020-09-08,435.0,435.0,434.0,434.7,129542.0,298,10
UCAR.N0000,2020-09-09,434.0,434.1,432.0,434.7,21665.2,50,9
UCAR.N0000,2020-09-13,432.0,432.0,416.1,434.7,31446.0,75,3
UCAR.N0000,2020-09-16,421.0,439.9,421.0,434.7,1740.7,4,3
UCAR.N0000,2020-09-21,422.0,422.0,421.0,434.7,10114.0,24,3
UCAR.N0000,2020-09-22,450.0,541.0,445.0,476.1,733301.5,1613,19
UCAR.N0000,2020-09-23,450.1,485.2,450.1,485.2,152061.8,314,12
UCAR.N0000,2020-09-24,485.2,485.2,485.2,485.2,10189.2,21,2
UCAR.N0000,2020-09-27,485.2,589.0,485.2,566.5,321223.1,595,19
UCAR.N0000,2020-09-28,550.0,550.0,486.0,488.6,107378.7,219,10
UCAR.N0000,2020-10-01,545.0,545.0,495.0,488.6,12920.0,26,2
UCAR.N0000,2020-10-04,487.1,549.8,450.0,486.0,182771.4,376,12
UCAR.N0000,2020-10-06,491.1,491.1,400.0,486.0,41647.1,88,5
UCAR.N0000,2020-10-07,450.0,450.0,450.0,486.0,450.0,1,1
UCAR.N0000,2020-10-11,486.0,600.0,486.0,486.0,31777.2,60,8
UCAR.N0000,2020-10-13,551.0,551.0,549.9,486.0,1100.9,2,2
UCAR.N0000,2020-10-15,549.9,549.9,547.0,548.5,58688.9,107,4
UCAR.N0000,2020-10-18,546.0,548.5,545.0,545.0,568241.0,1040,7
UCAR.N0000,2020-10-19,510.0,510.0,505.0,508.8,354645.0,697,12
UCAR.N0000,2020-10-20,487.0,487.0,486.0,486.4,326356.0,671,8
UCAR.N0000,2020-10-21,485.0,485.0,485.0,486.4,485.0,1,1
UCAR.N0000,2020-10-22,508.0,544.4,508.0,544.3,203035.6,375,6
UCAR.N0000,2020-10-27,540.0,540.0,540.0,544.3,27000.0,50,3
UCAR.N0000,2020-11-02,535.0,535.0,535.0,535.0,57245.0,107,4
UCAR.N0000,2020-11-03,530.0,530.0,529.9,530.0,53529.9,101,5
UCAR.N0000,2020-11-10,500.0,530.0,500.0,530.0,111800.0,211,5
UCAR.N0000,2020-11-11,530.0,550.0,487.1,538.3,542051.1,1007,16
UCAR.N0000,2020-11-12,545.0,646.0,545.0,572.3,144227.6,252,25
UCAR.N0000,2020-11-15,550.1,639.0,550.1,564.0,68247.0,121,6
UCAR.N0000,2020-11-16,562.0,607.5,562.0,564.0,13124.5,23,4
UCAR.N0000,2020-11-17,607.5,639.0,607.0,620.1,273099.6,443,13
UCAR.N0000,2020-11-19,575.0,708.0,575.0,675.3,150586.1,223,18
UCAR.N0000,2020-11-22,626.0,645.0,626.0,675.3,28325.0,45,5
UCAR.N0000,2020-11-23,642.9,839.0,638.0,785.7,163995.4,210,11
UCAR.N0000,2020-11-24,830.0,945.0,818.0,890.6,188752.3,212,17
UCAR.N0000,2020-11-25,904.5,904.5,850.0,851.1,225872.2,265,14
UCAR.N0000,2020-11-26,822.0,822.0,822.0,851.1,12330.0,15,4
UCAR.N0000,2020-11-29,820.3,820.3,651.0,851.1,48873.1,66,11
UCAR.N0000,2020-12-01,819.0,819.0,706.0,851.1,44819.0,55,7
UCAR.N0000,2020-12-02,770.0,810.0,770.0,851.1,4660.0,6,3
UCAR.N0000,2020-12-03,820.0,820.0,820.0,851.1,820.0,1,1
UCAR.N0000,2020-12-06,766.0,766.0,766.0,851.1,7660.0,10,1
UCAR.N0000,2020-12-07,766.1,816.0,766.0,851.1,7924.1,10,4
UCAR.N0000,2020-12-08,800.0,810.0,770.0,798.2,774900.1,974,26
UCAR.N0000,2020-12-09,799.0,799.0,799.0,798.2,1598.0,2,1
UCAR.N0000,2020-12-10,809.0,820.0,809.0,820.0,713660.0,872,15
UCAR.N0000,2020-12-13,885.0,898.0,800.0,800.3,270735.7,337,23
UCAR.N0000,2020-12-14,800.0,800.0,800.0,800.3,8800.0,11,2
UCAR.N0000,2020-12-15,800.0,839.0,800.0,800.3,8098.0,10,4
UCAR.N0000,2020-12-16,810.0,820.0,810.0,800.3,19571.0,24,6
UCAR.N0000,2020-12-17,800.0,820.0,800.0,800.1,403258.0,504,6
UCAR.N0000,2020-12-20,819.0,819.0,819.0,800.1,16380.0,20,1
UCAR.N0000,2020-12-21,776.2,776.2,776.2,800.1,9314.4,12,1
UCAR.N0000,2020-12-23,818.5,818.5,818.5,800.1,1637.0,2,1
UCAR.N0000,2020-12-27,790.0,790.0,790.0,800.1,790.0,1,1
UCAR.N0000,2020-12-29,780.5,780.5,780.2,800.1,3901.6,5,3
UCAR.N0000,2020-12-30,780.2,780.2,780.2,800.1,2340.6,3,3
UCAR.N0000,2021-01-03,781.1,781.2,781.1,800.1,32810.3,42,5
UCAR.N0000,2021-01-04,781.3,800.1,781.3,800.1,3162.8,4,2
UCAR.N0000,2021-01-05,781.7,781.7,781.7,800.1,781.7,1,1
UCAR.N0000,2021-01-06,790.0,824.0,790.0,801.7,477037.7,595,13
UCAR.N0000,2021-01-07,989.0,989.0,800.0,801.7,15721.0,18,4
UCAR.N0000,2021-01-10,781.0,800.0,781.0,801.7,40741.0,52,5
UCAR.N0000,2021-01-11,781.0,845.0,781.0,801.7,25745.5,32,7
UCAR.N0000,2021-01-12,840.0,850.0,840.0,847.75,87308.25,103,8
UCAR.N0000,2021-01-14,820.25,820.25,820.0,847.75,6561.5,8,6
UCAR.N0000,2021-01-17,795.0,819.5,795.0,847.75,14604.0,18,3
UCAR.N0000,2021-01-18,800.25,800.25,800.0,800.0,143205.5,179,4
UCAR.N0000,2021-01-19,800.0,819.0,785.0,793.75,248783.5,313,20
UCAR.N0000,2021-01-20,790.0,830.0,790.0,826.0,96630.0,117,7
UCAR.N0000,2021-01-21,830.0,1000.0,830.0,990.25,1236360.25,1350,61
UCAR.N0000,2021-01-24,1000.0,1000.0,901.0,909.25,773479.0,822,29
UCAR.N0000,2021-01-25,915.25,915.25,901.0,910.0,150166.25,165,6
UCAR.N0000,2021-01-26,840.0,840.0,830.0,910.0,37400.0,45,3
UCAR.N0000,2021-01-28,835.25,904.75,835.0,910.0,55050.0,65,6
UCAR.N0000,2021-01-31,855.0,910.0,850.0,910.0,35036.0,41,7
UCAR.N0000,2021-02-01,900.0,900.0,827.5,850.75,123835.0,145,9
UCAR.N0000,2021-02-02,828.0,900.0,828.0,850.75,81168.0,91,4
UCAR.N0000,2021-02-04,850.0,899.75,850.0,850.25,174309.75,205,5
UCAR.N0000,2021-02-07,892.5,892.5,848.0,850.25,27390.5,32,4
UCAR.N0000,2021-02-08,828.0,828.0,787.0,850.25,6583.0,8,2
UCAR.N0000,2021-02-09,789.0,789.0,786.5,788.0,78790.0,100,7
UCAR.N0000,2021-02-10,790.0,790.0,770.75,778.75,100469.0,129,10
UCAR.N0000,2021-02-14,855.0,855.0,766.0,772.0,296840.25,376,9
UCAR.N0000,2021-02-21,721.0,721.0,715.0,772.0,63674.75,89,4
UCAR.N0000,2021-02-22,725.0,725.0,725.0,772.0,7250.0,10,2
UCAR.N0000,2021-02-23,725.25,725.25,720.0,772.0,18115.75,25,3
UCAR.N0000,2021-02-24,720.0,720.0,715.0,716.0,71605.0,100,3
UCAR.N0000,2021-03-03,717.0,760.0,715.0,720.0,123853.0,172,7
UCAR.N0000,2021-03-04,750.0,750.0,750.0,720.0,18000.0,24,2
UCAR.N0000,2021-03-07,760.0,760.0,751.0,720.0,24221.0,32,6
UCAR.N0000,2021-03-08,760.0,760.0,760.0,720.0,61560.0,81,1
UCAR.N0000,2021-03-09,750.0,750.0,750.0,720.0,1500.0,2,1
UCAR.N0000,2021-03-11,750.0,750.0,750.0,720.0,69000.0,92,3
UCAR.N0000,2021-03-15,715.25,715.25,715.0,715.0,100821.25,141,4
UCAR.N0000,2021-03-21,871.0,873.0,870.0,715.0,6979.0,8,4
UCAR.N0000,2021-03-22,868.75,868.75,670.0,715.0,10938.25,16,7
UCAR.N0000,2021-03-23,798.75,798.75,672.25,715.0,6975.5,10,5
UCAR.N0000,2021-03-25,799.75,799.75,675.25,715.0,5651.0,8,3
UCAR.N0000,2021-03-28,799.75,799.75,799.75,715.0,1599.5,2,1
UCAR.N0000,2021-03-30,790.0,790.0,790.0,715.0,1580.0,2,2
UCAR.N0000,2021-03-31,750.0,750.0,687.0,715.0,8874.0,12,3
UCAR.N0000,2021-04-06,740.0,750.0,740.0,715.0,11130.0,15,5
UCAR.N0000,2021-04-08,799.75,818.0,799.75,715.0,4832.0,6,3
UCAR.N0000,2021-04-14,720.0,720.0,720.0,715.0,1440.0,2,1
UCAR.N0000,2021-04-15,819.0,870.0,800.0,715.0,24679.0,30,8
UCAR.N0000,2021-04-18,829.75,829.75,809.75,715.0,5688.75,7,4
UCAR.N0000,2021-04-19,790.0,790.0,790.0,715.0,790.0,1,1
UCAR.N0000,2021-04-22,730.0,730.0,730.0,715.0,3650.0,5,1
UCAR.N0000,2021-04-26,717.0,717.0,717.0,715.0,14340.0,20,1
UCAR.N0000,2021-04-27,720.5,720.5,720.0,715.0,23761.25,33,5
UCAR.N0000,2021-05-04,799.75,799.75,790.0,715.0,5559.25,7,2
UCAR.N0000,2021-05-06,750.0,750.0,750.0,715.0,10500.0,14,2
UCAR.N0000,2021-05-09,715.0,715.0,702.0,715.0,19864.0,28,5
UCAR.N0000,2021-05-10,704.0,740.0,704.0,715.0,4368.0,6,2
UCAR.N0000,2021-05-12,745.0,745.0,745.0,715.0,745.0,1,1
UCAR.N0000,2021-05-16,750.0,750.75,750.0,715.0,1500.75,2,2
UCAR.N0000,2021-05-17,710.0,710.0,710.0,715.0,3550.0,5,2
UCAR.N0000,2021-05-18,706.25,715.0,705.0,713.0,826940.0,1160,5
UCAR.N0000,2021-05-19,780.0,788.0,780.0,713.0,8588.0,11,3
UCAR.N0000,2021-05-20,725.0,725.0,725.0,713.0,725.0,1,1
UCAR.N0000,2021-05-23,795.0,795.0,789.0,713.0,16594.0,21,5
UCAR.N0000,2021-05-24,715.25,717.0,715.25,713.0,25077.5,35,6
UCAR.N0000,2021-05-30,788.0,795.5,788.0,713.0,22161.5,28,4
UCAR.N0000,2021-05-31,797.0,799.0,797.0,798.0,138066.0,173,7
UCAR.N0000,2021-06-02,809.0,809.0,809.0,798.0,8090.0,10,1
UCAR.N0000,2021-06-06,780.0,780.0,780.0,798.0,780.0,1,1
UCAR.N0000,2021-06-08,790.0,790.0,790.0,798.0,3950.0,5,1
UCAR.N0000,2021-06-10,796.0,796.0,796.0,798.0,796.0,1,1
UCAR.N0000,2021-06-13,798.0,798.0,750.25,798.0,11106.25,14,3
UCAR.N0000,2021-06-14,750.25,750.25,750.25,798.0,750.25,1,1
UCAR.N0000,2021-06-15,745.0,745.0,745.0,798.0,1490.0,2,1
UCAR.N0000,2021-06-16,721.5,721.5,721.5,798.0,1443.0,2,1
UCAR.N0000,2021-06-20,796.75,800.0,796.75,798.75,79862.5,100,6
UCAR.N0000,2021-06-21,800.0,800.0,800.0,798.75,800.0,1,1
UCAR.N0000,2021-06-22,762.0,762.0,762.0,798.75,12954.0,17,1
UCAR.N0000,2021-06-28,799.0,799.0,797.0,798.75,1596.0,2,2
UCAR.N0000,2021-07-08,797.5,799.0,797.5,799.0,343535.0,430,3
UCAR.N0000,2021-07-12,799.0,800.0,799.0,799.0,584900.0,732,4
UCAR.N0000,2021-07-18,770.0,770.0,770.0,799.0,8470.0,11,1
UCAR.N0000,2021-07-19,799.0,799.0,799.0,799.0,8789.0,11,1
UCAR.N0000,2021-07-21,771.0,800.0,771.0,800.0,81571.0,102,3
UCAR.N0000,2021-07-29,762.0,800.0,762.0,799.75,80742.0,101,3
UCAR.N0000,2021-08-02,793.5,795.0,793.5,794.25,88946.0,112,4
UCAR.N0000,2021-08-05,790.0,790.0,790.0,794.25,790.0,1,1
UCAR.N0000,2021-08-09,850.0,850.0,850.0,794.25,850.0,1,1
UCAR.N0000,2021-08-10,849.0,849.0,849.0,794.25,849.0,1,1
UCAR.N0000,2021-08-18,740.0,740.0,740.0,794.25,18500.0,25,1
UCAR.N0000,2021-08-19,800.0,800.0,800.0,794.25,800.0,1,1
UCAR.N0000,2021-08-22,740.0,799.0,740.0,794.25,4499.0,6,2
UCAR.N0000,2021-08-23,740.0,740.0,740.0,794.25,7400.0,10,1
UCAR.N0000,2021-08-24,743.0,743.0,743.0,794.25,73557.0,99,2
UCAR.N0000,2021-08-30,799.0,820.0,799.0,794.25,24199.0,30,3
UCAR.N0000,2021-09-01,711.0,750.0,711.0,794.25,4319.25,6,3
UCAR.N0000,2021-09-02,740.0,740.0,740.0,740.0,88060.0,119,2
UCAR.N0000,2021-09-05,741.5,741.5,741.5,740.0,741.5,1,1
UCAR.N0000,2021-09-07,800.0,800.0,799.0,800.0,83995.0,105,3
UCAR.N0000,2021-09-08,800.0,810.0,800.0,800.0,45622.25,57,9
UCAR.N0000,2021-09-13,800.0,800.0,800.0,800.0,128000.0,160,2
UCAR.N0000,2021-09-14,800.0,800.0,800.0,800.0,800.0,1,1
UCAR.N0000,2021-09-15,775.0,775.0,750.0,800.0,6025.75,8,4
UCAR.N0000,2021-09-16,760.0,760.0,760.0,800.0,3800.0,5,2
UCAR.N0000,2021-09-20,795.0,795.0,795.0,800.0,1590.0,2,1
UCAR.N0000,2021-09-27,799.0,799.5,799.0,799.5,88739.5,111,2
UCAR.N0000,2021-09-28,752.0,798.0,752.0,799.5,8732.0,11,2
UCAR.N0000,2021-09-29,795.0,799.0,795.0,799.5,43058.0,54,4
UCAR.N0000,2021-10-04,798.0,799.0,798.0,799.5,31940.0,40,3
UCAR.N0000,2021-10-07,712.0,799.0,712.0,799.5,10055.0,14,2
UCAR.N0000,2021-10-10,799.0,899.25,799.0,826.75,224063.25,271,16
UCAR.N0000,2021-10-11,885.0,885.0,879.0,882.25,412147.0,468,11
UCAR.N0000,2021-10-12,883.0,884.0,883.0,883.0,466225.0,528,12
UCAR.N0000,2021-10-20,820.5,820.5,820.5,820.5,86152.5,105,5
UCAR.N0000,2021-10-21,821.0,850.0,821.0,820.5,2492.0,3,2
UCAR.N0000,2021-10-24,822.0,822.0,822.0,820.5,9864.0,12,1
UCAR.N0000,2021-10-25,822.25,850.0,822.0,850.0,388992.25,463,4
UCAR.N0000,2021-10-26,825.5,825.5,825.5,850.0,41275.0,50,1
UCAR.N0000,2021-10-27,826.0,826.0,823.0,825.0,255723.5,310,7
UCAR.N0000,2021-10-28,840.0,845.0,823.0,825.5,232284.25,281,8
UCAR.N0000,2021-10-31,849.0,849.0,849.0,825.5,42450.0,50,1
UCAR.N0000,2021-11-01,849.0,850.0,849.0,850.0,278729.75,328,10
UCAR.N0000,2021-11-02,849.0,849.0,823.0,823.0,192565.0,233,7
UCAR.N0000,2021-11-07,776.5,776.5,776.5,823.0,776.5,1,1
UCAR.N0000,2021-11-08,795.0,795.0,780.0,781.75,101625.0,130,5
UCAR.N0000,2021-11-09,823.0,823.0,781.0,781.75,13126.0,16,3
UCAR.N0000,2021-11-11,782.0,782.0,782.0,781.75,782.0,1,1
UCAR.N0000,2021-11-15,783.0,783.0,740.0,781.75,37646.25,50,4
UCAR.N0000,2021-11-18,750.0,750.0,750.0,781.75,6000.0,8,4
UCAR.N0000,2021-11-22,970.0,970.0,900.0,781.75,2840.0,3,2
UCAR.N0000,2021-11-23,880.0,880.0,880.0,781.75,45760.0,52,4
UCAR.N0000,2021-11-24,800.0,800.0,800.0,781.75,1600.0,2,1
UCAR.N0000,2021-11-28,900.0,900.0,875.0,781.75,23375.0,26,3
UCAR.N0000,2021-11-29,875.0,949.75,810.0,912.5,198900.75,218,17
UCAR.N0000,2021-11-30,802.25,802.25,802.25,912.5,13638.25,17,1
UCAR.N0000,2021-12-01,811.0,811.0,811.0,912.5,41361.0,51,8
UCAR.N0000,2021-12-02,811.0,811.0,811.0,912.5,2433.0,3,3
UCAR.N0000,2021-12-05,849.75,849.75,849.75,912.5,21243.75,25,5
UCAR.N0000,2021-12-06,803.0,803.0,803.0,912.5,803.0,1,1
UCAR.N0000,2021-12-08,835.0,835.0,835.0,912.5,1670.0,2,1
UCAR.N0000,2021-12-09,890.0,890.25,890.0,890.0,137060.25,154,12
UCAR.N0000,2021-12-12,890.0,890.0,890.0,890.0,225170.0,253,3
UCAR.N0000,2021-12-13,855.0,855.0,855.0,890.0,27360.0,32,4
UCAR.N0000,2021-12-14,864.0,864.0,864.0,890.0,10368.0,12,2
UCAR.N0000,2021-12-15,860.0,860.0,860.0,890.0,4300.0,5,1
UCAR.N0000,2021-12-16,864.0,864.0,861.0,861.5,100788.0,117,3
UCAR.N0000,2021-12-19,861.0,864.0,861.0,861.5,7752.0,9,3
UCAR.N0000,2021-12-21,861.0,868.5,861.0,861.5,30322.5,35,2
UCAR.N0000,2021-12-22,852.0,881.0,852.0,852.0,512081.0,601,6
UCAR.N0000,2021-12-26,880.0,999.0,880.0,971.25,738786.75,817,9
UCAR.N0000,2021-12-27,909.0,909.0,909.0,971.25,4545.0,5,1
UCAR.N0000,2021-12-28,930.0,930.0,930.0,971.25,47430.0,51,2
UCAR.N0000,2021-12-30,961.25,961.25,961.25,971.25,48062.5,50,1
UCAR.N0000,2022-01-02,930.0,930.0,910.0,920.25,285300.0,310,7
UCAR.N0000,2022-01-04,910.0,960.0,910.0,910.5,92870.0,102,3
UCAR.N0000,2022-01-05,910.0,910.0,910.0,910.5,4550.0,5,1
UCAR.N0000,2022-01-06,910.25,910.25,900.0,900.0,745478.0,825,11
UCAR.N0000,2022-01-09,890.0,890.0,890.0,890.0,356000.0,400,2
UCAR.N0000,2022-01-10,891.25,891.25,890.0,890.0,66812.25,75,7
UCAR.N0000,2022-01-11,949.75,1025.0,949.75,997.75,303349.5,304,10
UCAR.N0000,2022-01-12,926.0,940.0,925.0,931.5,467550.0,502,6
UCAR.N0000,2022-01-17,940.0,940.0,925.0,926.75,292866.5,316,8
UCAR.N0000,2022-01-18,926.0,926.0,890.0,907.5,555244.5,604,14
UCAR.N0000,2022-01-19,926.0,926.0,926.0,926.0,111120.0,120,2
UCAR.N0000,2022-01-20,926.0,926.0,920.0,922.25,226870.0,246,6
UCAR.N0000,2022-01-23,1000.0,1152.75,1000.0,1152.75,3411445.0,2963,35
UCAR.N0000,2022-01-24,1152.75,1152.75,1150.0,1152.75,208645.0,181,7
UCAR.N0000,2022-01-25,955.25,1088.75,951.0,953.25,142973.25,150,17
UCAR.N0000,2022-01-26,954.25,954.25,954.25,953.25,954.25,1,1
UCAR.N0000,2022-01-27,955.25,955.25,900.0,936.25,1408250.25,1504,13
UCAR.N0000,2022-01-30,900.0,900.0,899.0,900.0,234890.0,261,16
UCAR.N0000,2022-01-31,900.0,900.0,900.0,900.0,134100.0,149,9
UCAR.N0000,2022-02-01,900.0,900.0,900.0,900.0,900.0,1,1
UCAR.N0000,2022-02-02,910.0,910.0,900.0,900.0,18920.0,21,2
UCAR.N0000,2022-02-06,900.0,900.0,900.0,900.0,92700.0,103,2
UCAR.N0000,2022-02-07,885.25,885.25,885.25,900.0,4426.25,5,1
UCAR.N0000,2022-02-08,860.5,860.5,855.0,900.0,39577.5,46,4
UCAR.N0000,2022-02-09,855.0,855.0,855.0,900.0,17100.0,20,1
UCAR.N0000,2022-02-10,855.0,855.0,855.0,900.0,53010.0,62,6
UCAR.N0000,2022-02-13,855.0,855.0,855.0,900.0,33345.0,39,6
UCAR.N0000,2022-02-17,831.0,855.0,830.5,900.0,16635.5,20,3
UCAR.N0000,2022-02-20,830.5,830.5,830.5,900.0,44016.5,53,3
UCAR.N0000,2022-02-21,855.0,855.0,855.0,900.0,7695.0,9,2
UCAR.N0000,2022-02-23,855.0,855.0,855.0,900.0,17100.0,20,1
UCAR.N0000,2022-03-06,840.0,840.0,820.0,820.0,152542.0,186,5
UCAR.N0000,2022-03-09,805.0,899.75,805.0,820.0,14537.0,17,5
UCAR.N0000,2022-03-10,899.75,899.75,802.0,820.0,2503.75,3,2
UCAR.N0000,2022-03-13,810.0,810.0,780.25,820.0,23922.5,30,5
UCAR.N0000,2022-03-14,781.0,781.0,780.5,820.0,23427.5,30,4
UCAR.N0000,2022-03-20,781.5,781.5,780.5,780.5,78058.0,100,4
UCAR.N0000,2022-03-23,783.0,783.0,775.0,780.5,3123.0,4,3
UCAR.N0000,2022-03-24,775.0,775.0,775.0,780.5,44950.0,58,7
UCAR.N0000,2022-03-31,740.0,740.0,586.0,780.5,8080.0,13,2
UCAR.N0000,2022-04-26,625.0,625.0,625.0,780.5,31250.0,50,5
UCAR.N0000,2022-05-03,630.0,630.0,630.0,780.5,5670.0,9,2
UCAR.N0000,2022-05-04,834.75,834.75,834.75,780.5,7512.75,9,4
UCAR.N0000,2022-06-01,836.0,836.0,836.0,780.5,1672.0,2,1
UCAR.N0000,2022-06-02,701.0,701.0,701.0,780.5,701.0,1,1
UCAR.N0000,2022-06-05,686.0,686.0,686.0,780.5,686.0,1,1
UCAR.N0000,2022-06-12,687.0,687.0,687.0,780.5,2748.0,4,2
UCAR.N0000,2022-06-14,691.25,691.25,691.25,780.5,2073.75,3,2
UCAR.N0000,2022-06-28,691.0,691.0,691.0,780.5,17966.0,26,5
UCAR.N0000,2022-06-30,690.0,691.0,690.0,780.5,56654.75,82,9
UCAR.N0000,2022-07-06,692.0,692.0,690.0,780.5,13827.5,20,3
UCAR.N0000,2022-07-11,748.75,780.5,748.75,778.25,77829.25,100,4
UCAR.N0000,2022-07-13,800.0,800.0,775.0,778.25,7800.0,10,2
UCAR.N0000,2022-07-18,700.0,700.0,700.0,778.25,42700.0,61,9
UCAR.N0000,2022-07-21,769.0,769.0,769.0,778.25,7690.0,10,2
UCAR.N0000,2022-07-27,775.0,775.0,775.0,778.25,775.0,1,1
UCAR.N0000,2022-07-28,774.0,774.0,773.0,773.75,78146.0,101,4
UCAR.N0000,2022-07-31,774.0,774.0,774.0,773.75,774.0,1,1
UCAR.N0000,2022-08-01,774.0,774.0,774.0,773.75,774.0,1,1
UCAR.N0000,2022-08-02,774.0,774.0,774.0,773.75,774.0,1,1
UCAR.N0000,2022-08-03,774.0,774.0,774.0,773.75,1548.0,2,2
UCAR.N0000,2022-08-04,774.0,774.0,774.0,773.75,774.0,1,1
UCAR.N0000,2022-08-08,706.0,706.0,706.0,773.75,35300.0,50,1
UCAR.N0000,2022-08-09,774.0,774.0,774.0,773.75,774.0,1,1
UCAR.N0000,2022-08-11,765.0,765.0,765.0,773.75,3060.0,4,2
UCAR.N0000,2022-08-14,765.0,779.0,765.0,773.75,74984.0,98,4
UCAR.N0000,2022-08-15,779.0,799.0,779.0,773.75,20324.0,26,3
UCAR.N0000,2022-08-16,760.0,799.0,760.0,773.75,17305.0,22,5
UCAR.N0000,2022-08-17,798.0,798.0,798.0,773.75,798.0,1,1
UCAR.N0000,2022-08-18,760.0,760.0,750.0,773.75,14390.0,19,2
UCAR.N0000,2022-08-21,790.0,798.0,790.0,773.75,8698.0,11,4
UCAR.N0000,2022-08-22,790.0,790.0,730.0,773.75,2250.0,3,2
UCAR.N0000,2022-08-25,730.5,730.5,726.0,773.75,32760.0,45,2
UCAR.N0000,2022-08-30,720.0,750.0,720.0,748.5,80099.0,107,6
UCAR.N0000,2022-08-31,750.0,750.0,750.0,748.5,2250.0,3,1
UCAR.N0000,2022-09-01,800.0,800.0,701.25,748.5,48981.25,68,3
UCAR.N0000,2022-09-05,710.0,710.0,710.0,748.5,10650.0,15,1
UCAR.N0000,2022-09-06,713.0,798.0,713.0,733.5,85088.0,116,6
UCAR.N0000,2022-09-08,798.0,798.0,798.0,733.5,798.0,1,1
UCAR.N0000,2022-09-12,715.0,715.0,714.0,714.0,71404.0,100,2
UCAR.N0000,2022-09-15,715.0,715.0,715.0,714.0,3575.0,5,3
UCAR.N0000,2022-09-18,715.0,715.0,714.0,714.0,1429.0,2,2
UCAR.N0000,2022-09-20,704.5,704.5,704.5,714.0,9158.5,13,2
UCAR.N0000,2022-09-22,725.0,725.0,725.0,714.0,725.0,1,1
UCAR.N0000,2022-09-25,715.0,715.0,715.0,714.0,28600.0,40,1
UCAR.N0000,2022-09-26,705.0,705.0,700.5,714.0,65169.0,93,3
UCAR.N0000,2022-10-02,691.25,691.25,691.25,714.0,691.25,1,1
UCAR.N0000,2022-10-06,690.25,695.0,690.25,714.0,6926.25,10,2
UCAR.N0000,2022-10-10,697.0,798.0,697.0,714.0,75003.0,99,15
UCAR.N0000,2022-10-12,769.75,771.0,750.0,762.25,83082.0,109,9
UCAR.N0000,2022-10-13,763.0,763.0,763.0,762.25,7630.0,10,1
UCAR.N0000,2022-10-16,770.0,770.0,697.75,746.25,75376.75,101,8
UCAR.N0000,2022-10-18,705.25,750.0,705.25,746.25,9459.75,13,7
UCAR.N0000,2022-10-20,759.5,759.5,759.5,746.25,1519.0,2,1
UCAR.N0000,2022-10-24,758.0,758.0,758.0,746.25,1516.0,2,1
UCAR.N0000,2022-10-25,730.0,750.0,730.0,746.25,2960.0,4,2
UCAR.N0000,2022-10-26,758.0,758.0,757.0,758.0,783007.0,1033,22
UCAR.N0000,2022-10-27,758.0,758.0,758.0,758.0,18950.0,25,2
UCAR.N0000,2022-10-30,738.0,738.0,700.0,703.25,96352.0,137,12
UCAR.N0000,2022-11-01,705.0,705.0,682.0,703.25,35255.0,51,5
UCAR.N0000,2022-11-02,682.0,700.0,682.0,703.25,56259.25,82,6
UCAR.N0000,2022-11-03,672.5,699.0,652.0,703.25,40094.0,61,5
UCAR.N0000,2022-11-07,670.0,670.0,650.0,656.25,117056.75,178,15
UCAR.N0000,2022-11-08,631.25,631.25,551.5,656.25,53012.5,92,9
UCAR.N0000,2022-11-09,625.0,625.0,610.0,614.0,73067.0,119,13
UCAR.N0000,2022-11-10,614.0,618.75,614.0,614.0,59369.0,96,5
UCAR.N0000,2022-11-13,620.0,620.0,615.0,614.0,27825.0,45,5
UCAR.N0000,2022-11-14,615.0,618.0,615.0,614.0,9240.0,15,2
UCAR.N0000,2022-11-15,619.0,619.0,619.0,614.0,12380.0,20,1
UCAR.N0000,2022-11-16,621.0,621.0,620.0,614.0,24825.0,40,5
UCAR.N0000,2022-11-17,622.0,622.0,614.5,614.0,16119.5,26,4
UCAR.N0000,2022-11-20,551.0,551.0,510.5,614.0,3654.5,7,3
UCAR.N0000,2022-11-22,618.5,624.0,590.0,614.0,11135.0,18,6
UCAR.N0000,2022-11-23,595.0,595.0,595.0,614.0,10115.0,17,1
UCAR.N0000,2022-11-24,600.0,610.0,600.0,614.0,9100.0,15,3
UCAR.N0000,2022-11-28,612.0,612.0,590.0,614.0,30448.0,51,4
UCAR.N0000,2022-11-29,612.0,612.0,612.0,614.0,6120.0,10,1
UCAR.N0000,2022-11-30,614.0,614.0,614.0,614.0,6140.0,10,1
UCAR.N0000,2022-12-01,600.0,600.0,590.0,614.0,35580.0,60,4
UCAR.N0000,2022-12-04,614.0,614.0,614.0,614.0,614.0,1,1
UCAR.N0000,2022-12-07,613.75,613.75,613.75,614.0,613.75,1,1
UCAR.N0000,2022-12-11,695.0,695.0,680.0,614.0,1375.0,2,2
UCAR.N0000,2022-12-21,673.75,674.0,673.75,614.0,4716.75,7,3
UCAR.N0000,2022-12-22,615.25,615.25,615.0,614.0,3076.0,5,2
UCAR.N0000,2022-12-26,611.0,611.0,510.5,543.0,129806.5,239,22
UCAR.N0000,2022-12-28,550.0,555.0,550.0,543.0,10495.0,19,3
UCAR.N0000,2022-12-29,590.5,590.5,590.0,543.0,7082.25,12,4
UCAR.N0000,2023-01-01,590.5,590.5,588.75,543.0,12956.0,22,2
UCAR.N0000,2023-01-02,589.75,589.75,589.75,543.0,589.75,1,1
UCAR.N0000,2023-01-03,590.75,590.75,590.75,543.0,1181.5,2,1
UCAR.N0000,2023-01-04,592.0,592.0,592.0,543.0,1184.0,2,1
UCAR.N0000,2023-01-09,565.0,565.0,565.0,543.0,17515.0,31,4
UCAR.N0000,2023-01-11,565.0,565.0,565.0,543.0,1130.0,2,1
UCAR.N0000,2023-01-12,561.0,564.75,561.0,543.0,3949.5,7,2
UCAR.N0000,2023-01-16,550.75,565.0,550.75,543.0,2245.75,4,3
UCAR.N0000,2023-01-17,565.0,575.0,565.0,566.25,62275.0,110,11
UCAR.N0000,2023-01-18,575.0,575.0,575.0,566.25,2875.0,5,2
UCAR.N0000,2023-01-19,575.0,598.5,575.0,581.25,99378.25,171,21
UCAR.N0000,2023-01-22,600.0,649.0,600.0,581.25,24995.0,40,12
UCAR.N0000,2023-01-23,650.0,650.0,650.0,581.25,1300.0,2,1
UCAR.N0000,2023-01-24,615.0,620.5,600.0,581.25,17168.0,28,8
UCAR.N0000,2023-01-26,635.0,685.0,635.0,581.25,66072.0,97,18
UCAR.N0000,2023-01-29,611.25,611.25,611.0,581.25,11610.75,19,3
UCAR.N0000,2023-01-31,684.75,684.75,684.75,581.25,684.75,1,1
UCAR.N0000,2023-02-01,675.0,685.0,613.0,581.25,11479.0,17,8
UCAR.N0000,2023-02-02,679.5,685.0,679.5,581.25,1364.5,2,2
UCAR.N0000,2023-02-05,650.0,650.0,650.0,581.25,3250.0,5,3
UCAR.N0000,2023-02-07,650.0,684.5,650.0,581.25,7961.5,12,7
UCAR.N0000,2023-02-20,610.0,610.0,610.0,581.25,3050.0,5,3
UCAR.N0000,2023-02-27,606.0,606.0,606.0,581.25,606.0,1,1
UCAR.N0000,2023-03-06,682.0,683.75,660.0,581.25,3389.75,5,5
UCAR.N0000,2023-03-07,682.0,682.0,645.0,581.25,21707.0,33,8
UCAR.N0000,2023-03-08,680.0,699.0,680.0,581.25,28582.5,42,3
UCAR.N0000,2023-03-09,645.0,650.0,645.0,581.25,2595.0,4,2
UCAR.N0000,2023-03-13,660.0,698.5,660.0,581.25,6207.0,9,4
UCAR.N0000,2023-03-14,697.0,700.0,691.0,699.0,99960.25,143,25
UCAR.N0000,2023-03-15,700.0,700.0,699.5,699.0,16098.0,23,4
UCAR.N0000,2023-03-16,699.75,699.75,699.75,699.0,1399.5,2,1
UCAR.N0000,2023-03-20,680.0,680.0,680.0,699.0,6800.0,10,2
UCAR.N0000,2023-03-23,660.0,684.5,630.0,658.25,82937.75,126,9
UCAR.N0000,2023-03-29,622.0,622.0,622.0,658.25,622.0,1,1
UCAR.N0000,2023-03-30,684.0,719.5,684.0,698.75,74760.5,107,6
UCAR.N0000,2023-04-03,670.0,670.0,670.0,698.75,20100.0,30,1
UCAR.N0000,2023-04-09,645.0,660.0,645.0,698.75,46517.0,72,6
UCAR.N0000,2023-04-10,645.0,645.0,645.0,698.75,3870.0,6,2
UCAR.N0000,2023-04-11,648.0,648.0,648.0,698.75,1296.0,2,1
UCAR.N0000,2023-04-16,695.0,695.0,694.0,698.75,9727.5,14,3
UCAR.N0000,2023-04-17,652.5,652.75,652.5,698.75,1957.75,3,3
UCAR.N0000,2023-04-18,694.0,694.0,694.0,698.75,3470.0,5,2
UCAR.N0000,2023-04-20,690.0,690.0,690.0,698.75,3450.0,5,1
UCAR.N0000,2023-04-23,690.0,690.0,690.0,698.75,1380.0,2,1
UCAR.N0000,2023-04-24,689.0,689.0,689.0,698.75,2756.0,4,1
UCAR.N0000,2023-04-25,680.0,680.0,680.0,698.75,2040.0,3,1
UCAR.N0000,2023-04-26,688.5,688.5,651.0,698.75,8224.5,12,4
UCAR.N0000,2023-05-01,632.0,632.0,632.0,698.75,3160.0,5,1
UCAR.N0000,2023-05-02,689.0,689.0,688.75,698.75,3444.75,5,4
UCAR.N0000,2023-05-07,660.0,689.0,660.0,698.75,12110.25,18,5
UCAR.N0000,2023-05-08,689.0,689.0,689.0,698.75,689.0,1,1
UCAR.N0000,2023-05-09,662.0,662.0,662.0,698.75,1324.0,2,1
UCAR.N0000,2023-05-11,662.0,662.0,661.0,661.0,67430.0,102,3
UCAR.N0000,2023-05-14,653.0,653.0,653.0,661.0,653.0,1,1
UCAR.N0000,2023-05-21,665.0,665.0,661.0,661.0,1987.0,3,2
UCAR.N0000,2023-05-22,665.0,665.0,661.0,665.0,112157.0,169,4
UCAR.N0000,2023-05-23,683.0,683.0,683.0,665.0,683.0,1,1
UCAR.N0000,2023-05-28,681.0,681.0,681.0,665.0,13620.0,20,3
UCAR.N0000,2023-05-29,680.5,682.0,680.5,665.0,54444.5,80,5
UCAR.N0000,2023-05-30,682.25,682.25,682.25,665.0,13645.0,20,2
UCAR.N0000,2023-05-31,634.0,634.0,634.0,665.0,1268.0,2,1
UCAR.N0000,2023-06-01,665.0,665.0,665.0,665.0,665.0,1,1
UCAR.N0000,2023-06-04,664.0,664.0,660.0,665.0,1984.0,3,3
UCAR.N0000,2023-06-06,655.0,655.0,650.0,665.0,2610.0,4,2
UCAR.N0000,2023-06-07,675.0,675.0,675.0,665.0,1350.0,2,2
UCAR.N0000,2023-06-08,669.0,669.0,669.0,665.0,2676.0,4,3
UCAR.N0000,2023-06-11,670.0,670.0,669.75,665.0,6698.25,10,3
UCAR.N0000,2023-06-12,650.0,650.0,650.0,665.0,18850.0,29,4
UCAR.N0000,2023-06-13,640.0,645.0,640.0,665.0,11525.0,18,4
UCAR.N0000,2023-06-14,669.25,669.25,669.25,665.0,669.25,1,1
UCAR.N0000,2023-06-19,645.0,645.0,645.0,665.0,1290.0,2,2
UCAR.N0000,2023-06-25,696.0,696.0,696.0,665.0,1392.0,2,1
UCAR.N0000,2023-06-26,665.0,665.0,665.0,665.0,5320.0,8,1
UCAR.N0000,2023-06-27,665.0,697.0,665.0,665.0,8300.0,12,2
UCAR.N0000,2023-07-03,696.0,696.0,695.0,665.0,12511.0,18,2
UCAR.N0000,2023-07-04,696.0,696.0,696.0,665.0,696.0,1,1
UCAR.N0000,2023-07-05,672.0,697.5,672.0,665.0,1369.5,2,2
UCAR.N0000,2023-07-06,697.5,697.5,697.5,665.0,2092.5,3,1
UCAR.N0000,2023-07-10,672.0,685.0,672.0,665.0,2714.0,4,2
UCAR.N0000,2023-07-11,697.5,697.5,697.5,665.0,697.5,1,1
UCAR.N0000,2023-07-16,679.0,679.0,679.0,665.0,9506.0,14,2
UCAR.N0000,2023-07-18,670.0,670.0,670.0,665.0,5360.0,8,1
UCAR.N0000,2023-07-23,694.0,694.0,694.0,665.0,7634.0,11,2
UCAR.N0000,2023-07-27,699.0,767.5,699.0,709.75,85883.25,121,10
UCAR.N0000,2023-07-30,729.0,729.0,710.0,709.75,7253.0,10,4
UCAR.N0000,2023-08-01,709.75,709.75,709.75,709.75,7807.25,11,3
UCAR.N0000,2023-08-02,701.0,710.0,701.0,706.25,138863.25,197,7
UCAR.N0000,2023-08-03,701.0,725.0,701.0,706.25,10539.0,15,3
UCAR.N0000,2023-08-06,702.0,705.0,700.0,706.25,15425.0,22,7
UCAR.N0000,2023-08-07,700.0,700.0,700.0,706.25,4900.0,7,1
UCAR.N0000,2023-08-08,695.0,695.0,689.75,706.25,8310.75,12,4
UCAR.N0000,2023-08-09,675.0,675.0,651.5,706.25,40664.0,62,5
UCAR.N0000,2023-08-17,700.0,714.0,681.0,699.75,186857.0,267,4
UCAR.N0000,2023-08-20,682.0,682.0,682.0,699.75,25916.0,38,3
UCAR.N0000,2023-08-24,681.0,682.0,671.0,699.75,31668.75,47,12
UCAR.N0000,2023-08-28,650.0,650.0,650.0,699.75,1300.0,2,1
UCAR.N0000,2023-08-31,656.0,656.0,652.25,699.75,33962.25,52,7
UCAR.N0000,2023-09-06,699.75,699.75,699.75,699.75,699.75,1,1
UCAR.N0000,2023-09-07,699.0,699.75,660.0,663.25,114603.5,169,12
UCAR.N0000,2023-09-14,668.0,668.0,667.25,667.25,667252.25,1000,2
UCAR.N0000,2023-09-25,699.75,699.75,699.75,667.25,35687.25,51,4
UCAR.N0000,2023-09-26,699.5,699.5,690.0,667.25,14499.5,21,2
UCAR.N0000,2023-10-01,699.75,701.0,699.75,700.0,124588.25,178,13
UCAR.N0000,2023-10-02,656.0,656.0,656.0,700.0,3936.0,6,2
UCAR.N0000,2023-10-15,709.75,709.75,703.0,700.0,24076.25,34,10
UCAR.N0000,2023-10-16,696.0,696.0,696.0,700.0,1392.0,2,1
UCAR.N0000,2023-10-18,709.0,709.25,700.0,701.25,113582.5,162,6
UCAR.N0000,2023-10-22,725.0,725.0,650.25,701.25,3473.0,5,4
UCAR.N0000,2023-10-23,675.0,675.0,675.0,701.25,2700.0,4,1
UCAR.N0000,2023-10-25,700.0,747.0,700.0,727.0,161509.75,223,14
UCAR.N0000,2023-10-26,679.0,679.0,679.0,727.0,1358.0,2,1
UCAR.N0000,2023-10-31,725.0,725.0,725.0,727.0,725.0,1,1
UCAR.N0000,2023-11-06,660.0,660.0,660.0,660.0,66000.0,100,1
UCAR.N0000,2023-11-07,680.0,680.0,680.0,660.0,680.0,1,1
UCAR.N0000,2023-11-08,680.0,680.0,680.0,660.0,2720.0,4,2
UCAR.N0000,2023-11-09,680.0,680.0,680.0,660.0,8840.0,13,4
UCAR.N0000,2023-11-12,680.0,680.0,680.0,660.0,10200.0,15,4
UCAR.N0000,2023-11-13,680.0,680.0,680.0,660.0,45560.0,67,9
UCAR.N0000,2023-11-16,693.0,693.0,693.0,660.0,1386.0,2,1
UCAR.N0000,2023-11-19,682.0,682.0,682.0,660.0,2046.0,3,1
UCAR.N0000,2023-11-21,681.0,681.0,681.0,660.0,681.0,1,1
UCAR.N0000,2023-11-22,683.25,683.25,683.25,660.0,1366.5,2,2
UCAR.N0000,2023-11-28,685.0,685.0,651.0,660.0,31476.0,46,3
UCAR.N0000,2023-11-30,650.75,651.0,650.0,650.5,81976.75,126,13
UCAR.N0000,2023-12-03,651.0,651.0,651.0,650.5,51429.0,79,10
UCAR.N0000,2023-12-05,675.0,675.0,661.0,650.5,9985.0,15,3
UCAR.N0000,2023-12-07,662.0,662.0,660.0,650.5,63438.0,96,9
UCAR.N0000,2023-12-11,660.0,660.0,655.0,655.0,254187.5,388,8
UCAR.N0000,2023-12-12,686.0,686.0,686.0,655.0,686.0,1,1
UCAR.N0000,2023-12-19,653.0,653.0,650.0,650.0,169018.5,260,4
UCAR.N0000,2024-01-04,659.0,659.0,659.0,650.0,659.0,1,1
UCAR.N0000,2024-01-08,660.0,660.0,660.0,650.0,6600.0,10,2
UCAR.N0000,2024-01-11,690.0,690.0,680.0,650.0,5452.0,8,4
UCAR.N0000,2024-01-28,685.75,685.75,685.75,650.0,17143.75,25,1
UCAR.N0000,2024-02-05,662.0,662.0,661.0,661.25,132229.75,200,5
UCAR.N0000,2024-02-06,665.0,665.0,661.0,661.0,546670.0,827,6
UCAR.N0000,2024-02-12,724.0,724.0,723.75,661.0,1447.75,2,2
UCAR.N0000,2024-02-14,663.0,663.0,663.0,661.0,663.0,1,1
UCAR.N0000,2024-02-21,722.0,722.0,720.0,661.0,5050.75,7,3
UCAR.N0000,2024-02-25,721.0,721.0,719.75,661.0,5040.75,7,3
UCAR.N0000,2024-02-26,719.0,721.75,666.0,661.0,32257.0,45,4
UCAR.N0000,2024-02-27,670.0,670.0,670.0,661.0,7370.0,11,2
UCAR.N0000,2024-02-28,721.25,721.75,720.0,661.0,7213.5,10,6
UCAR.N0000,2024-02-29,700.0,700.0,700.0,661.0,700.0,1,1
UCAR.N0000,2024-03-05,681.0,681.0,600.0,603.25,1605662.5,2607,121
UCAR.N0000,2024-03-06,600.0,602.0,595.0,600.0,284482.0,475,30
UCAR.N0000,2024-03-10,650.0,650.0,590.0,591.0,606585.0,1016,49
UCAR.N0000,2024-03-11,645.0,645.0,550.0,552.0,11350361.75,20425,223
UCAR.N0000,2024-03-12,570.0,570.0,550.0,550.75,7523519.0,13612,88
UCAR.N0000,2024-03-13,565.0,569.5,550.0,550.0,1341469.5,2424,71
UCAR.N0000,2024-03-14,550.0,573.5,550.0,573.25,29989247.0,55502,50
UCAR.N0000,2024-03-17,578.0,599.5,578.0,581.0,1572159.25,2706,31
UCAR.N0000,2024-03-18,595.0,598.0,580.0,592.75,61057.0,103,9
UCAR.N0000,2024-03-19,580.0,594.5,580.0,592.75,41817.75,72,13
UCAR.N0000,2024-03-20,582.0,590.75,581.0,592.75,20408.0,35,6
UCAR.N0000,2024-03-21,580.25,585.0,579.75,580.5,100410.0,173,11
UCAR.N0000,2024-03-24,588.0,596.0,588.0,580.5,33116.75,56,6
UCAR.N0000,2024-03-25,596.0,596.0,596.0,580.5,5960.0,10,2
UCAR.N0000,2024-03-26,595.75,595.75,595.0,580.5,13687.75,23,7
UCAR.N0000,2024-03-27,594.75,597.0,589.25,595.25,129142.75,217,12
UCAR.N0000,2024-03-31,589.0,600.0,589.0,598.5,288182.0,483,25
UCAR.N0000,2024-04-01,604.25,604.25,588.75,589.75,90671.75,153,11
UCAR.N0000,2024-04-02,587.0,604.25,587.0,602.25,927668.5,1540,26
UCAR.N0000,2024-04-03,604.25,605.0,604.25,604.25,205457.5,340,6
UCAR.N0000,2024-04-04,605.0,642.75,605.0,636.5,305116.25,483,37
UCAR.N0000,2024-04-07,636.5,639.0,636.0,636.75,109536.25,172,8
UCAR.N0000,2024-04-08,631.0,639.75,631.0,636.75,48044.25,76,14
UCAR.N0000,2024-04-09,639.75,639.75,639.75,636.75,5118.0,8,1
UCAR.N0000,2024-04-14,640.0,640.0,636.75,636.75,7848030.75,12325,8
UCAR.N0000,2024-04-15,636.0,636.0,625.0,628.75,109460.0,174,17
UCAR.N0000,2024-04-16,626.0,626.0,626.0,628.75,3130.0,5,1
UCAR.N0000,2024-04-17,623.0,635.0,620.0,621.0,160259.25,258,15
UCAR.N0000,2024-04-18,629.0,630.0,629.0,630.0,697403.0,1107,3
UCAR.N0000,2024-04-21,625.0,625.0,625.0,630.0,3125.0,5,2
UCAR.N0000,2024-04-23,620.25,621.0,620.25,630.0,25452.75,41,3
UCAR.N0000,2024-04-25,630.0,635.0,630.0,630.25,654071.25,1038,8
UCAR.N0000,2024-04-28,635.0,650.0,635.0,630.25,42239.0,66,10
UCAR.N0000,2024-04-29,653.0,662.5,652.75,656.5,204157.5,311,18
UCAR.N0000,2024-05-01,655.0,662.25,655.0,656.5,4599.5,7,3
UCAR.N0000,2024-05-02,667.0,674.0,663.25,668.75,536190.75,801,39
UCAR.N0000,2024-05-05,668.75,668.75,631.0,660.0,759950.75,1174,26
UCAR.N0000,2024-05-06,650.0,665.0,650.0,660.0,46438.0,70,6
UCAR.N0000,2024-05-07,660.0,660.0,650.0,660.0,40075.0,61,11
UCAR.N0000,2024-05-08,660.0,664.75,655.5,660.0,55760.25,84,7
UCAR.N0000,2024-05-09,667.5,667.5,656.75,660.0,24579.25,37,8
UCAR.N0000,2024-05-12,667.0,667.0,650.0,660.0,61114.5,93,11
UCAR.N0000,2024-05-14,665.0,665.0,650.0,659.75,120085.0,182,9
UCAR.N0000,2024-05-15,666.0,666.5,655.0,659.75,54509.25,82,10
UCAR.N0000,2024-05-16,665.0,666.5,660.0,664.25,113580.5,171,17
UCAR.N0000,2024-05-19,666.0,666.5,660.0,664.25,31964.0,48,8
UCAR.N0000,2024-05-20,663.0,663.0,663.0,664.25,1989.0,3,3
UCAR.N0000,2024-05-21,663.5,664.0,663.5,663.75,83632.0,126,18
UCAR.N0000,2024-05-26,664.0,665.0,660.0,664.0,199853.0,301,19
UCAR.N0000,2024-05-27,655.0,663.75,655.0,663.5,91472.25,138,8
UCAR.N0000,2024-05-28,656.0,665.5,655.0,663.5,52912.5,80,13
UCAR.N0000,2024-05-29,665.5,665.5,656.0,663.5,28601.5,43,9
UCAR.N0000,2024-05-30,665.5,665.75,665.5,663.5,20637.75,31,10
UCAR.N0000,2024-06-02,659.0,666.25,659.0,660.0,209952.75,318,9
UCAR.N0000,2024-06-03,666.0,666.0,650.0,660.0,663177.0,1014,25
UCAR.N0000,2024-06-04,666.0,666.0,665.75,665.75,274292.0,412,11
UCAR.N0000,2024-06-05,665.75,665.75,655.5,665.75,37271.75,56,9
UCAR.N0000,2024-06-06,666.0,670.0,666.0,667.25,425658.5,638,16
UCAR.N0000,2024-06-09,674.75,674.75,670.0,673.75,128753.25,191,16
UCAR.N0000,2024-06-10,670.0,670.0,655.75,669.5,278556.5,416,9
UCAR.N0000,2024-06-10,670.0,670.0,655.75,669.5,278556.5,416,9
UCAR.N0000,2024-06-12,664.75,674.75,664.75,669.5,181192.0,271,19
UCAR.N0000,2024-06-12,646.0,666.0,646.0,665.5,81425.5,123,13
UCAR.N0000,2024-06-13,646.0,669.0,646.0,669.5,24646.0,38,11
UCAR.N0000,2024-06-17,670.5,676.0,670.0,675.75,350304.5,520,33
UCAR.N0000,2024-06-18,676.0,676.0,650.0,675.75,14044.0,21,4
UCAR.N0000,2024-06-19,673.75,673.75,668.0,675.75,35488.75,53,6
UCAR.N0000,2024-06-23,674.5,675.0,674.0,674.75,217282.75,322,16
UCAR.N0000,2024-06-24,673.75,674.75,670.0,674.75,10106.0,15,5
UCAR.N0000,2024-06-25,670.0,673.75,670.0,674.75,11427.5,17,4
UCAR.N0000,2024-06-26,673.75,673.75,673.0,674.75,8077.5,12,2
UCAR.N0000,2024-06-27,673.25,673.25,673.25,674.75,10772.0,16,3
UCAR.N0000,2024-06-30,673.5,674.0,667.5,674.0,212248.75,315,17
UCAR.N0000,2024-07-01,674.0,674.5,674.0,674.0,169174.5,251,9
UCAR.N0000,2024-07-02,688.0,688.0,688.0,674.0,1376.0,2,2
UCAR.N0000,2024-07-03,673.75,674.0,668.0,674.0,26848.75,40,12
UCAR.N0000,2024-07-07,665.5,665.5,663.0,674.0,19280.5,29,7
UCAR.N0000,2024-07-08,673.0,673.0,673.0,674.0,5384.0,8,1
UCAR.N0000,2024-07-09,671.75,671.75,671.75,674.0,3358.75,5,1
UCAR.N0000,2024-07-10,673.0,674.0,673.0,673.75,77488.75,115,4
UCAR.N0000,2024-07-11,673.25,673.5,665.0,672.75,71323.75,106,6
UCAR.N0000,2024-07-14,672.0,672.0,672.0,672.75,2016.0,3,3
UCAR.N0000,2024-07-15,666.0,673.5,666.0,672.75,39040.5,58,4
UCAR.N0000,2024-07-16,673.0,675.0,673.0,675.0,1455862.5,2157,15
UCAR.N0000,2024-07-17,675.0,675.0,670.0,674.5,81605.0,121,5
UCAR.N0000,2024-07-18,670.0,670.0,670.0,674.5,6700.0,10,3
UCAR.N0000,2024-07-21,673.0,673.0,672.75,674.5,6056.75,9,2
UCAR.N0000,2024-07-22,674.75,675.0,674.0,674.5,38453.25,57,6
UCAR.N0000,2024-07-23,675.0,675.0,675.0,674.5,51975.0,77,3
UCAR.N0000,2024-07-24,670.0,675.0,670.0,674.5,10110.0,15,4
UCAR.N0000,2024-07-25,675.0,675.0,674.0,675.0,272011.75,403,6
UCAR.N0000,2024-07-28,674.5,674.5,674.5,674.5,72846.0,108,5
UCAR.N0000,2024-07-29,674.5,674.5,674.5,674.5,3372.5,5,1
UCAR.N0000,2024-07-30,670.0,674.5,670.0,674.5,4717.0,7,2
UCAR.N0000,2024-07-31,667.0,667.0,665.0,674.5,8649.0,13,4
UCAR.N0000,2024-08-04,655.5,674.5,655.5,674.5,35702.0,53,6
UCAR.N0000,2024-08-06,674.5,675.0,651.0,673.25,129269.5,192,15
UCAR.N0000,2024-08-11,660.0,660.0,604.0,673.25,45913.25,74,10
UCAR.N0000,2024-08-12,635.0,660.0,635.0,673.25,13126.0,20,8
UCAR.N0000,2024-08-13,661.0,670.5,660.0,673.25,15892.5,24,6
UCAR.N0000,2024-08-14,670.5,670.5,670.5,673.25,670.5,1,1
UCAR.N0000,2024-08-19,670.25,670.25,669.5,673.25,32840.25,49,5
UCAR.N0000,2024-08-20,669.75,669.75,661.0,669.5,83675.0,125,2
UCAR.N0000,2024-08-22,662.25,673.75,650.0,651.75,65821.0,101,6
UCAR.N0000,2024-08-27,670.0,670.0,670.0,651.75,1340.0,2,1
UCAR.N0000,2024-09-01,664.25,664.25,664.25,651.75,4649.75,7,1
UCAR.N0000,2024-09-02,663.0,663.0,649.75,650.0,80053.5,123,8
UCAR.N0000,2024-09-03,646.0,646.0,580.0,601.75,545323.5,910,25
UCAR.N0000,2024-09-04,602.0,653.75,570.0,573.75,871849.75,1501,42
UCAR.N0000,2024-09-05,650.0,650.0,570.0,574.25,113452.25,197,21
UCAR.N0000,2024-09-08,581.0,581.0,571.0,574.25,44168.5,77,11
UCAR.N0000,2024-09-09,575.25,630.0,572.0,574.25,41831.25,71,6
UCAR.N0000,2024-09-10,615.0,615.0,615.0,615.0,61500.0,100,2
UCAR.N0000,2024-09-11,624.0,624.5,624.0,615.0,11235.0,18,5
UCAR.N0000,2024-09-12,624.75,628.75,610.0,615.0,25684.0,41,7
UCAR.N0000,2024-09-17,625.0,628.75,615.0,615.5,135457.5,220,6
UCAR.N0000,2024-09-18,615.0,615.0,611.0,615.5,26960.0,44,4
UCAR.N0000,2024-09-22,610.0,615.0,610.0,615.5,7370.0,12,3
UCAR.N0000,2024-09-23,628.0,628.75,628.0,628.0,80384.75,128,4
UCAR.N0000,2024-09-24,624.0,650.0,624.0,624.5,129904.0,208,9
UCAR.N0000,2024-09-25,670.0,674.75,670.0,670.0,366513.75,547,5
UCAR.N0000,2024-09-26,674.75,675.0,674.25,670.0,20245.0,30,6
UCAR.N0000,2024-09-29,676.0,676.0,660.0,670.0,27916.5,42,9
UCAR.N0000,2024-09-30,670.0,676.0,670.0,670.0,8082.0,12,5
UCAR.N0000,2024-10-01,661.0,675.0,630.5,640.25,96605.75,150,22
UCAR.N0000,2024-10-03,669.75,670.0,650.0,640.25,8649.25,13,4
UCAR.N0000,2024-10-06,670.0,670.0,658.25,640.25,1986.5,3,2
UCAR.N0000,2024-10-09,660.0,660.0,647.0,640.25,21512.0,33,5
UCAR.N0000,2024-10-10,668.0,668.0,668.0,640.25,6680.0,10,1
UCAR.N0000,2024-10-13,675.0,675.0,661.0,640.25,52664.75,79,10
UCAR.N0000,2024-10-15,674.75,694.25,662.5,670.75,69762.75,104,19
UCAR.N0000,2024-10-17,656.0,657.5,656.0,670.75,7231.0,11,3
UCAR.N0000,2024-10-20,670.75,670.75,658.0,670.75,38418.75,58,11
UCAR.N0000,2024-10-21,709.75,709.75,700.0,700.0,585209.75,836,3
UCAR.N0000,2024-10-22,707.25,713.75,699.5,700.25,1993778.25,2836,46
UCAR.N0000,2024-10-23,700.0,700.0,668.0,693.5,1030169.5,1477,37
UCAR.N0000,2024-10-24,692.5,692.5,692.5,693.5,4847.5,7,1
UCAR.N0000,2024-10-27,692.5,700.0,692.5,699.75,292136.0,419,27
UCAR.N0000,2024-10-28,683.25,700.0,683.25,700.0,112672.25,161,18
UCAR.N0000,2024-10-29,700.0,709.75,685.0,707.75,1100437.25,1580,57
UCAR.N0000,2024-10-31,685.0,697.5,685.0,707.75,33126.75,48,10
UCAR.N0000,2024-11-03,696.0,696.0,696.0,707.75,27840.0,40,4
UCAR.N0000,2024-11-04,686.0,686.0,686.0,707.75,13720.0,20,2
UCAR.N0000,2024-11-05,687.0,687.0,687.0,707.75,7557.0,11,3
UCAR.N0000,2024-11-06,694.5,697.0,694.5,707.75,24348.5,35,5
UCAR.N0000,2024-11-07,697.75,698.0,690.5,707.75,11789.75,17,3
UCAR.N0000,2024-11-10,697.25,700.0,690.0,699.5,216772.75,310,14
UCAR.N0000,2024-11-11,698.0,698.0,698.0,699.5,10470.0,15,2
UCAR.N0000,2024-11-12,700.0,700.0,700.0,700.0,70700.0,101,2
UCAR.N0000,2024-11-17,700.0,700.0,695.0,699.75,161665.0,231,4
UCAR.N0000,2024-11-18,699.5,700.0,690.0,699.75,465396.0,665,8
UCAR.N0000,2024-11-20,692.0,692.0,692.0,699.75,15916.0,23,1
UCAR.N0000,2024-11-21,699.75,700.0,695.25,700.0,2107650.0,3011,5
UCAR.N0000,2024-11-24,700.0,700.0,693.0,699.5,134306.5,192,8
UCAR.N0000,2024-11-25,693.0,693.0,690.0,690.0,245004.75,355,9
UCAR.N0000,2024-11-26,689.0,689.0,689.0,690.0,689.0,1,1
UCAR.N0000,2024-11-27,697.0,699.75,697.0,690.0,53798.25,77,5
UCAR.N0000,2024-11-28,688.75,688.75,688.75,690.0,688.75,1,1
UCAR.N0000,2024-12-01,690.0,700.0,690.0,690.5,71800.0,104,5
UCAR.N0000,2024-12-02,699.75,700.0,699.75,690.5,30793.25,44,6
UCAR.N0000,2024-12-03,691.5,691.5,691.5,690.5,48405.0,70,1
UCAR.N0000,2024-12-04,699.75,700.0,699.75,700.0,394797.25,564,10
UCAR.N0000,2024-12-05,700.0,705.0,700.0,700.75,397262.0,567,11
UCAR.N0000,2024-12-08,704.75,704.75,704.0,700.75,3522.25,5,2
UCAR.N0000,2024-12-09,704.75,706.0,696.25,696.25,231833.0,331,14
UCAR.N0000,2024-12-10,696.0,709.0,695.0,696.25,42557.0,61,7
UCAR.N0000,2024-12-11,709.0,710.0,695.25,696.25,63306.5,90,11
UCAR.N0000,2024-12-12,695.0,718.0,691.5,717.0,291317.25,410,17
UCAR.N0000,2024-12-15,717.75,718.0,695.5,703.75,203094.75,285,15
UCAR.N0000,2024-12-16,714.75,717.0,706.0,707.5,297961.75,421,8
UCAR.N0000,2024-12-17,718.0,719.5,711.0,715.75,161735.5,226,11
UCAR.N0000,2024-12-18,708.0,720.0,708.0,720.0,261233.25,363,13
UCAR.N0000,2024-12-19,719.0,724.0,706.0,716.0,568303.25,796,15
UCAR.N0000,2024-12-22,710.0,725.0,710.0,712.0,166606.0,234,8
UCAR.N0000,2024-12-23,714.0,730.0,714.0,729.75,88294.0,121,5
UCAR.N0000,2024-12-25,735.0,749.75,715.0,738.5,483518.5,655,15
UCAR.N0000,2024-12-26,725.0,725.0,725.0,738.5,1450.0,2,1
UCAR.N0000,2024-12-29,726.0,739.0,726.0,726.5,276084.5,380,6
UCAR.N0000,2024-12-30,727.0,727.0,725.0,725.0,102954.0,142,3
UCAR.N0000,2025-01-01,726.0,730.0,726.0,729.75,391179.75,536,8
UCAR.N0000,2025-01-02,729.75,730.0,729.75,729.75,583101.5,799,12
UCAR.N0000,2025-01-05,730.0,730.0,725.25,729.75,330563.0,453,12
UCAR.N0000,2025-01-06,729.5,729.75,721.25,729.75,85370.5,117,5
UCAR.N0000,2025-01-07,722.0,728.0,722.0,722.0,393496.0,545,3
UCAR.N0000,2025-01-08,722.0,726.0,722.0,725.0,533494.0,736,10
UCAR.N0000,2025-01-09,726.0,730.0,725.0,729.75,1113391.5,1526,13
UCAR.N0000,2025-01-14,735.0,735.0,735.0,729.75,3675.0,5,2
UCAR.N0000,2025-01-15,740.0,747.5,732.5,729.75,46641.0,63,7
UCAR.N0000,2025-01-16,735.0,746.75,726.0,732.25,206564.25,282,12
UCAR.N0000,2025-01-19,740.0,750.0,732.25,745.5,982601.0,1318,14
UCAR.N0000,2025-01-20,745.5,745.5,740.0,740.0,164500.0,222,11
UCAR.N0000,2025-01-21,750.0,780.0,750.0,761.75,110468.75,145,15
UCAR.N0000,2025-01-22,760.0,783.0,751.0,761.75,67897.5,88,17
UCAR.N0000,2025-01-23,760.0,789.0,760.0,769.5,262222.5,343,7
UCAR.N0000,2025-01-26,769.0,799.0,769.0,769.5,14832.25,19,6
UCAR.N0000,2025-01-27,808.75,810.0,770.5,791.75,83122.5,105,12
UCAR.N0000,2025-01-28,809.5,810.0,808.75,791.75,17003.0,21,8
UCAR.N0000,2025-01-29,819.75,900.0,810.0,811.75,1359727.5,1639,48
UCAR.N0000,2025-01-30,855.0,855.0,805.25,806.25,249644.25,300,8
UCAR.N0000,2025-02-02,807.0,807.0,807.0,806.25,17754.0,22,3
UCAR.N0000,2025-02-04,807.25,839.75,778.0,812.75,112159.0,138,30
UCAR.N0000,2025-02-05,805.25,825.0,785.0,807.75,178310.75,220,16
UCAR.N0000,2025-02-06,818.0,818.0,818.0,807.75,4090.0,5,1
UCAR.N0000,2025-02-09,818.0,818.0,789.0,807.75,20125.0,25,5
UCAR.N0000,2025-02-10,819.0,819.0,819.0,807.75,16380.0,20,1
UCAR.N0000,2025-02-12,800.0,819.75,800.0,807.75,48410.0,60,9
UCAR.N0000,2025-02-13,805.0,824.75,805.0,807.75,4849.75,6,3
UCAR.N0000,2025-02-16,820.0,820.0,805.5,807.75,16932.5,21,6
UCAR.N0000,2025-02-17,818.0,820.0,802.75,806.5,126879.75,157,11
UCAR.N0000,2025-02-18,805.25,820.0,750.0,789.25,180735.5,229,26
UCAR.N0000,2025-02-20,820.0,820.0,815.0,789.25,29464.0,36,6
UCAR.N0000,2025-02-20,789.0,815.0,789.0,789.25,20113.0,25,3
UCAR.N0000,2025-02-23,789.0,810.0,771.25,789.25,5568.25,7,4
UCAR.N0000,2025-02-24,780.0,780.0,780.0,789.25,7800.0,10,1
UCAR.N0000,2025-02-26,809.0,809.0,808.75,789.25,8896.5,11,2
UCAR.N0000,2025-02-27,790.0,808.5,781.75,790.5,490674.25,618,12
UCAR.N0000,2025-03-02,782.0,782.0,782.0,790.5,5474.0,7,1
UCAR.N0000,2025-03-03,781.75,790.0,780.0,788.0,437903.0,560,11
UCAR.N0000,2025-03-05,788.0,788.0,788.0,788.0,152872.0,194,4
UCAR.N0000,2025-03-10,783.0,783.0,761.25,788.0,23628.0,31,3
UCAR.N0000,2025-03-16,790.0,790.0,760.0,762.0,134950.0,177,13
UCAR.N0000,2025-03-17,760.25,760.25,760.0,760.0,89690.75,118,6
UCAR.N0000,2025-03-18,790.0,790.0,780.75,760.0,28273.5,36,2
UCAR.N0000,2025-03-19,780.0,787.0,780.0,760.0,48441.5,62,6
UCAR.N0000,2025-03-20,800.0,800.0,790.0,760.0,27900.0,35,5
UCAR.N0000,2025-03-24,770.0,770.0,770.0,760.0,770.0,1,1
UCAR.N0000,2025-03-25,800.0,800.0,800.0,760.0,7200.0,9,2
UCAR.N0000,2025-03-26,772.5,772.5,772.0,760.0,23160.5,30,2
UCAR.N0000,2025-03-27,772.75,800.0,766.25,776.25,81493.25,105,10
UCAR.N0000,2025-04-02,776.25,777.0,776.25,776.25,475092.5,612,4
UCAR.N0000,2025-04-03,777.0,790.0,770.0,776.25,48584.25,63,7
UCAR.N0000,2025-04-06,770.0,775.0,769.0,770.25,202579.75,263,10
UCAR.N0000,2025-04-07,610.5,790.0,610.5,669.0,210065.75,314,20
UCAR.N0000,2025-04-08,789.0,789.75,759.25,669.0,3916.0,5,5
UCAR.N0000,2025-04-09,790.0,801.0,775.0,800.0,246241.0,309,17
UCAR.N0000,2025-04-10,800.0,810.0,800.0,800.0,1610.0,2,2
UCAR.N0000,2025-04-15,810.0,810.0,800.25,800.0,12033.0,15,3
UCAR.N0000,2025-04-16,800.0,800.0,800.0,800.0,800.0,1,1
UCAR.N0000,2025-04-20,810.0,810.0,800.0,800.0,4020.0,5,3
UCAR.N0000,2025-04-21,800.0,800.0,800.0,800.0,2400.0,3,3
UCAR.N0000,2025-04-22,798.75,798.75,798.75,800.0,15176.25,19,4
UCAR.N0000,2025-04-23,790.75,800.0,790.75,800.0,28504.0,36,4
UCAR.N0000,2025-04-24,800.0,800.0,799.5,800.0,54367.5,68,2
UCAR.N0000,2025-04-27,785.5,801.0,785.5,800.0,16804.5,21,5
UCAR.N0000,2025-04-28,801.0,801.0,801.0,800.0,11214.0,14,5
UCAR.N0000,2025-04-29,787.0,790.0,786.0,786.0,527434.25,671,26
UCAR.N0000,2025-05-01,785.25,786.75,785.0,786.0,53427.75,68,8
UCAR.N0000,2025-05-04,800.0,823.0,800.0,817.25,146278.0,179,6
UCAR.N0000,2025-05-05,831.0,831.0,817.25,817.25,18838.0,23,4
UCAR.N0000,2025-05-06,830.0,830.0,829.75,817.25,7468.5,9,3
UCAR.N0000,2025-05-08,801.0,801.0,801.0,817.25,6408.0,8,4
UCAR.N0000,2025-05-14,801.25,801.25,801.25,817.25,28043.75,35,4
UCAR.N0000,2025-05-15,822.5,822.5,801.0,807.25,106760.75,132,9
UCAR.N0000,2025-05-18,827.0,840.0,827.0,830.0,10735653.5,12927,99
UCAR.N0000,2025-05-19,850.0,850.0,827.0,827.75,597877.0,721,25
UCAR.N0000,2025-05-20,844.5,845.0,840.0,845.0,3607245.5,4287,37
UCAR.N0000,2025-05-21,845.0,850.0,841.0,841.75,442524.0,523,23
UCAR.N0000,2025-05-22,842.0,852.0,840.0,848.75,315596.0,372,15
UCAR.N0000,2025-05-25,840.0,840.0,840.0,840.0,1858080.0,2212,29
UCAR.N0000,2025-05-26,1004.0,1004.0,852.0,863.25,744415.25,830,44
UCAR.N0000,2025-05-27,919.5,919.5,855.0,861.75,229364.75,266,29
UCAR.N0000,2025-05-28,856.0,894.75,856.0,861.75,33716.75,39,6
UCAR.N0000,2025-05-29,900.0,900.0,865.0,870.75,145323.25,166,20
UCAR.N0000,2025-06-01,871.0,884.75,871.0,870.75,5294.75,6,2
UCAR.N0000,2025-06-02,870.75,899.0,870.75,886.75,1271477.75,1439,16
UCAR.N0000,2025-06-03,899.0,899.0,850.0,852.75,7053208.25,8192,87
UCAR.N0000,2025-06-04,894.75,894.75,850.0,850.0,1886140.5,2218,32
UCAR.N0000,2025-06-05,894.0,894.0,849.0,850.5,1027376.75,1208,32
UCAR.N0000,2025-06-08,887.25,887.25,865.0,865.0,1014060.0,1168,18
UCAR.N0000,2025-06-10,894.75,894.75,860.0,860.0,136157.25,157,21
UCAR.N0000,2025-06-11,888.0,888.0,862.0,880.75,214433.0,243,31
UCAR.N0000,2025-06-12,880.0,880.0,857.0,860.0,3291996.0,3828,97
UCAR.N0000,2025-06-15,853.0,853.0,795.0,806.25,1895047.5,2351,111
UCAR.N0000,2025-06-16,810.0,829.75,800.0,807.0,458224.0,566,32
UCAR.N0000,2025-06-17,805.0,814.0,805.0,805.5,248945.25,309,11
UCAR.N0000,2025-06-18,814.5,814.5,791.25,795.0,499835.5,625,42
UCAR.N0000,2025-06-19,804.0,804.0,792.5,792.75,716376.75,901,29
UCAR.N0000,2025-06-22,792.5,792.5,791.0,791.5,1863781.5,2354,39
UCAR.N0000,2025-06-23,810.0,850.0,810.0,791.5,64509.5,77,17
UCAR.N0000,2025-06-24,839.75,850.0,810.0,823.25,712047.25,865,52
UCAR.N0000,2025-06-25,829.5,870.5,820.0,824.25,462981.75,550,46
UCAR.N0000,2025-06-26,869.75,869.75,844.75,824.25,9366.0,11,8
UCAR.N0000,2025-06-29,825.0,855.0,825.0,832.0,452440.75,540,26
UCAR.N0000,2025-06-30,830.0,830.0,820.0,820.75,699777.0,852,23
UCAR.N0000,2025-07-01,830.0,830.0,820.25,820.25,1383304.75,1686,16
UCAR.N0000,2025-07-02,822.0,830.0,800.0,802.25,19606486.75,24379,40
UCAR.N0000,2025-07-03,800.75,830.0,800.75,820.25,812647.75,983,28
UCAR.N0000,2025-07-06,830.0,840.0,830.0,835.75,154491.0,185,19
UCAR.N0000,2025-07-07,835.0,835.0,830.0,835.75,37475.0,45,5
UCAR.N0000,2025-07-08,830.0,840.0,825.0,835.0,1132950.0,1358,14
UCAR.N0000,2025-07-10,830.0,845.0,830.0,835.0,1032321.0,1236,18
UCAR.N0000,2025-07-13,844.75,849.75,837.0,841.0,436863.25,518,22
UCAR.N0000,2025-07-14,850.0,869.75,841.0,848.75,2814847.0,3316,21
UCAR.N0000,2025-07-15,841.5,879.0,841.5,869.5,1905707.5,2194,32
UCAR.N0000,2025-07-16,860.0,881.75,850.0,879.25,846605.25,965,27
UCAR.N0000,2025-07-18,870.0,880.0,855.0,878.0,684012.5,778,18
UCAR.N0000,2025-07-20,862.0,862.25,862.0,862.0,440483.0,511,6
UCAR.N0000,2025-07-21,862.0,862.25,860.0,861.75,560262.25,650,13
UCAR.N0000,2025-07-22,862.0,880.0,862.0,880.0,988968.0,1125,13
UCAR.N0000,2025-07-23,879.75,935.0,865.0,866.25,260872.0,296,22
UCAR.N0000,2025-07-27,880.0,899.0,880.0,880.75,226336.0,257,11
UCAR.N0000,2025-07-28,890.0,897.0,878.0,891.0,558276.75,631,23
UCAR.N0000,2025-07-29,890.0,898.75,890.0,890.0,341041.75,383,15
UCAR.N0000,2025-07-30,900.0,915.0,881.0,914.5,902826.25,1010,28
UCAR.N0000,2025-07-31,914.5,918.0,914.0,914.5,5496.5,6,3
UCAR.N0000,2025-08-03,885.0,918.0,885.0,914.5,466133.0,510,6
UCAR.N0000,2025-08-04,910.0,914.5,891.0,900.0,553022.5,610,11
UCAR.N0000,2025-08-05,892.0,915.0,892.0,910.75,147432.5,162,11
UCAR.N0000,2025-08-06,912.0,914.0,909.5,912.0,241647.5,265,7
UCAR.N0000,2025-08-10,914.5,920.0,914.5,912.0,76230.75,83,10
UCAR.N0000,2025-08-11,920.0,920.0,919.0,912.0,7359.0,8,6
UCAR.N0000,2025-08-12,900.0,901.0,900.0,912.0,20710.0,23,6
UCAR.N0000,2025-08-13,919.75,919.75,902.25,919.25,221557.75,241,11
UCAR.N0000,2025-08-14,919.75,950.0,902.0,939.0,1045173.0,1115,19
UCAR.N0000,2025-08-17,949.0,949.0,929.0,936.0,219116.75,234,8
UCAR.N0000,2025-08-18,948.5,1019.75,935.0,1011.25,405862.5,417,25
UCAR.N0000,2025-08-19,997.5,1000.0,960.0,999.25,473674.25,474,14
UCAR.N0000,2025-08-20,998.0,998.0,970.0,999.25,19518.0,20,4
UCAR.N0000,2025-08-21,970.25,1015.0,960.0,961.25,647318.25,673,32
UCAR.N0000,2025-08-24,960.0,1009.75,940.0,954.25,245409.0,256,19
UCAR.N0000,2025-08-25,958.5,962.0,958.5,960.0,128634.0,134,5
UCAR.N0000,2025-08-26,962.0,998.75,960.25,960.5,120288.75,125,7
UCAR.N0000,2025-08-27,996.0,997.5,963.25,960.5,89663.75,90,9
UCAR.N0000,2025-08-28,965.0,970.0,965.0,965.0,730570.0,757,3
UCAR.N0000,2025-08-31,963.5,1005.0,961.0,990.25,573831.5,582,20
UCAR.N0000,2025-09-01,961.0,996.75,961.0,990.25,43573.5,45,8
UCAR.N0000,2025-09-02,989.75,990.25,989.5,990.0,617754.5,624,7
UCAR.N0000,2025-09-03,995.0,1005.0,995.0,1001.0,1025705.0,1025,15
UCAR.N0000,2025-09-07,980.0,994.75,980.0,980.25,349929.5,357,9
UCAR.N0000,2025-09-08,981.0,995.0,980.25,980.75,607524.25,618,12
UCAR.N0000,2025-09-09,995.0,995.0,980.0,980.25,190177.0,194,7
UCAR.N0000,2025-09-10,995.0,1200.5,995.0,1097.0,2429398.5,2152,83
UCAR.N0000,2025-09-11,1110.0,1180.0,1025.5,1026.0,658988.0,614,24
UCAR.N0000,2025-09-14,1035.0,1140.0,1035.0,1026.0,33800.0,32,5
UCAR.N0000,2025-09-15,1070.0,1100.0,1030.0,1062.5,468545.0,441,11
UCAR.N0000,2025-09-16,1062.5,1136.75,1062.5,1062.5,97311.75,87,10
UCAR.N0000,2025-09-17,1100.0,1200.0,1060.0,1124.75,1026040.0,869,26
UCAR.N0000,2025-09-18,1062.0,1199.0,1062.0,1112.0,141212.0,127,10
UCAR.N0000,2025-09-21,1179.5,1179.5,1071.0,1112.0,80573.0,72,12
UCAR.N0000,2025-09-22,1180.25,1190.0,1100.0,1178.25,219073.0,186,14
UCAR.N0000,2025-09-23,1100.0,1199.0,1100.0,1178.25,80510.75,69,13
UCAR.N0000,2025-09-24,1197.0,1198.0,1197.0,1198.0,126985.75,106,6
UCAR.N0000,2025-09-25,1199.0,1199.0,1199.0,1198.0,5995.0,5,2
UCAR.N0000,2025-09-28,1200.0,1200.0,1150.0,1198.0,22260.5,19,9
UCAR.N0000,2025-09-29,1197.75,1198.0,1160.0,1198.0,97603.5,83,11
UCAR.N0000,2025-09-30,1178.0,1180.0,1170.0,1198.0,53885.0,46,10
UCAR.N0000,2025-10-01,1170.0,1170.0,1170.0,1170.0,139230.0,119,8
UCAR.N0000,2025-10-02,1170.0,1170.0,1160.0,1164.0,121082.75,104,11
UCAR.N0000,2025-10-06,1170.0,1170.0,1150.0,1153.75,886486.75,766,41
UCAR.N0000,2025-10-07,1150.0,1152.25,1148.0,1151.25,775501.0,674,22
UCAR.N0000,2025-10-08,1152.0,1193.75,1146.0,1150.5,9388165.25,8057,68
UCAR.N0000,2025-10-09,1185.0,1290.0,1184.75,1282.75,3812794.25,3132,69
UCAR.N0000,2025-10-12,1325.0,1360.0,1271.5,1283.25,2858644.5,2202,110
UCAR.N0000,2025-10-13,1326.0,1326.0,1270.0,1272.0,960856.5,741,62
UCAR.N0000,2025-10-14,1317.75,1317.75,1250.0,1259.5,350437.75,277,39
UCAR.N0000,2025-10-15,1257.75,1298.0,1250.0,1274.0,131213.0,103,12
UCAR.N0000,2025-10-16,1252.0,1284.0,1250.0,1263.75,643872.25,509,36
UCAR.N0000,2025-10-20,1282.0,1282.0,1250.0,1254.0,817882.5,649,67
UCAR.N0000,2025-10-21,1250.0,1250.0,1150.25,1212.75,22940910.75,19556,77
UCAR.N0000,2025-10-22,1221.0,1274.0,1215.0,1215.5,1351080.5,1111,18
UCAR.N0000,2025-10-23,1215.25,1260.0,1215.0,1215.25,1644310.25,1353,22
UCAR.N0000,2025-10-26,1257.0,1285.0,1220.0,1256.0,1075152.25,856,33
UCAR.N0000,2025-10-27,1290.0,1345.0,1290.0,1312.25,8296938.0,6333,63
UCAR.N0000,2025-10-28,1320.0,1344.0,1300.0,1300.5,605096.0,463,11
UCAR.N0000,2025-10-29,1344.0,1435.0,1343.5,1407.75,1370980.0,984,56
UCAR.N0000,2025-10-30,1420.0,1421.0,1350.0,1419.5,450989.75,320,16
UCAR.N0000,2025-11-02,1355.25,1419.5,1355.25,1374.0,835084.25,605,23
UCAR.N0000,2025-11-03,1400.0,1409.0,1375.0,1401.0,972414.0,695,25
UCAR.N0000,2025-11-05,1418.0,1430.0,1379.25,1418.25,441295.25,310,17
UCAR.N0000,2025-11-06,1378.0,1455.0,1378.0,1436.5,1824207.25,1271,25
UCAR.N0000,2025-11-09,1450.0,1475.0,1425.0,1436.5,88035.0,61,10
UCAR.N0000,2025-11-10,1425.0,1474.0,1425.0,1425.5,347564.0,243,19
UCAR.N0000,2025-11-11,1425.0,1425.25,1425.0,1425.0,12978901.25,9108,5
UCAR.N0000,2025-11-12,1425.25,1425.25,1424.0,1424.0,10290020.5,7226,76
UCAR.N0000,2025-11-13,1424.0,1470.75,1424.0,1424.0,4286305.25,3010,31
UCAR.N0000,2025-11-16,1424.25,1426.25,1420.0,1423.25,1547527.0,1087,16
UCAR.N0000,2025-11-17,1470.5,1471.0,1420.25,1423.25,132043.75,92,11
UCAR.N0000,2025-11-18,1425.25,1425.25,1413.25,1415.75,406195.5,286,19
UCAR.N0000,2025-11-19,1413.5,1450.0,1413.5,1415.75,126535.0,88,15
UCAR.N0000,2025-11-20,1415.0,1450.0,1413.25,1418.75,246899.25,174,19
UCAR.N0000,2025-11-23,1448.0,1448.0,1313.5,1332.25,1243072.0,899,84
UCAR.N0000,2025-11-24,1439.75,1439.75,1335.0,1352.0,304410.5,223,12
UCAR.N0000,2025-11-25,1360.0,1399.0,1250.25,1315.0,1149370.25,866,62
UCAR.N0000,2025-11-26,1315.0,1349.0,1261.0,1281.0,932622.5,735,31
UCAR.N0000,2025-11-27,1325.5,1369.0,1320.0,1336.75,189290.5,141,6
UCAR.N0000,2025-11-30,1310.25,1367.0,1262.0,1262.25,1322400.75,1041,62
UCAR.N0000,2025-12-01,1361.75,1361.75,1266.0,1268.0,1643662.0,1296,13
UCAR.N0000,2025-12-02,1349.0,1349.0,1265.5,1268.0,41253.0,32,7
UCAR.N0000,2025-12-04,1290.0,1290.0,1242.0,1250.0,1571766.75,1250,35
UCAR.N0000,2025-12-07,1251.0,1289.75,1211.0,1213.75,636142.0,517,44
UCAR.N0000,2025-12-08,1289.0,1289.0,1212.5,1270.25,179277.25,141,11
UCAR.N0000,2025-12-09,1274.75,1345.75,1274.75,1285.0,422376.0,329,6
UCAR.N0000,2025-12-10,1347.75,1347.75,1347.5,1285.0,2695.25,2,2
UCAR.N0000,2025-12-11,1300.0,1300.0,1300.0,1285.0,23400.0,18,3
UCAR.N0000,2025-12-14,1300.0,1300.0,1252.25,1260.75,356663.25,283,18
UCAR.N0000,2025-12-15,1300.0,1340.0,1300.0,1300.5,833633.75,641,10
UCAR.N0000,2025-12-17,1310.0,1320.0,1300.0,1310.0,233180.0,178,5
UCAR.N0000,2025-12-18,1310.0,1449.0,1310.0,1345.25,464057.0,346,26
UCAR.N0000,2025-12-22,1345.0,1345.0,1345.0,1345.25,1345.0,1,1
UCAR.N0000,2025-12-23,1344.75,1370.0,1300.5,1345.25,69502.0,53,10
UCAR.N0000,2025-12-25,1271.0,1339.75,1271.0,1345.25,70248.75,55,5
UCAR.N0000,2025-12-28,1398.5,1398.5,1276.0,1345.25,19641.0,15,8
UCAR.N0000,2025-12-29,1379.75,1379.75,1354.0,1354.0,276244.0,204,6
UCAR.N0000,2025-12-30,1360.0,1400.0,1350.0,1385.0,255003.25,185,19
