End_Week_End_Week,Average_Weigted_Lending_Rate_(AWLR)_Average_Weigted_Lending_Rate_(AWLR),Average_Weighted_Prime_Lending_Rate_(AWPR)_Weekly,Average_Weighted_Prime_Lending_Rate_(AWPR)_Monthly,Average_Weighted_Prime_Lending_Rate_(AWPR)_6_months,Average_Weighted_Deposit_Rate_Monthly,Average_Weighted_Deposit_Rate_6_months,Average_Weighted_Fixed_Deposit_Rate_(AWFDR)_Rate_(%_)_Average_Weighted_Fixed_Deposit_Rate_(AWFDR)_Rate_(%_),Average_Weighted_SME_Rate_(AWSR)_Average_Weighted_SME_Rate_(AWSR)
2025-12-31,11.48,,,,6.78,6.81,8.41,11.53
2025-12-26,,8.94,,,,,,
2025-12-19,,8.78,,,,,,
2025-12-12,,8.81,,,,,,
2025-12-05,,8.74,,,,,,
2025-11-28,11.37,8.64,8.44,8.17,6.77,6.83,8.31,11.43
2025-11-21,,8.35,,,,,,
2025-11-14,,8.34,,,,,,
2025-11-07,,8.42,,,,,,
2025-10-31,11.37,8.31,8.15,8.17,6.79,6.87,8.32,11.46
2025-10-24,,8.17,,,,,,
2025-10-17,,7.93,,,,,,
2025-10-10,,8.19,,,,,,
2025-10-03,,8.1,8.1,8.23,,,,
2025-09-30,11.37,,,,6.8,6.92,8.34,11.48
2025-09-26,,8.05,,,,,,
2025-09-19,,8.07,,,,,,
2025-09-12,,8.13,,,,,,
2025-09-04,,8.16,,,,,,
2025-08-29,11.44,7.97,8.1,8.27,6.82,6.97,8.36,11.66
2025-08-22,,8.07,,,,,,
2025-08-15,,8.09,,,,,,
2025-08-07,,8.25,,,,,,
2025-08-01,,8.07,8.02,8.33,,,,
2025-07-31,11.5,,,,6.88,7.04,8.46,11.78
2025-07-25,,8.1,,,,,,
2025-07-18,,8.01,,,,,,
2025-07-11,,7.88,,,,,,
2025-07-04,,8.06,,,,,,
2025-06-30,11.56,,,,6.93,7.11,8.52,11.82
2025-06-27,,8.11,8.22,8.44,,,,
2025-06-20,,8.17,,,,,,
2025-06-13,,8.21,,,,,,
2025-06-06,,8.37,,,,,,
2025-05-30,11.67,8.35,8.45,8.56,6.98,7.21,8.56,11.94
2025-05-23,,8.47,,,,,,
2025-05-16,,8.58,,,,,,
2025-05-09,,8.41,,,,,,
2025-05-02,,8.36,8.47,8.67,,,,
2025-04-30,11.7,,,,7.08,7.31,8.74,12.06
2025-04-25,,8.39,,,,,,
2025-04-17,,8.44,,,,,,
2025-04-11,,8.63,,,,,,
2025-04-04,,8.53,,,,,,
2025-03-28,11.8,8.43,8.39,8.78,7.15,7.4,8.79,12.14
2025-03-21,,8.44,,,,,,
2025-03-14,,8.37,,,,,,
2025-03-07,,8.33,,,,,,
2025-02-28,11.99,8.36,8.45,8.93,7.21,7.49,8.84,12.2
2025-02-21,,8.39,,,,,,
2025-02-14,,8.42,,,,,,
2025-02-07,,8.59,,,,,,
2025-01-31,12.07,8.56,8.66,9.04,7.31,7.6,8.97,12.38
2025-01-24,,8.67,,,,,,
2025-01-17,,8.65,,,,,,
2025-01-10,,8.74,,,,,,
2025-01-03,,8.9,8.92,9.09,,,,
2024-12-31,11.93,,,,7.53,7.72,9.27,12.48
2024-12-27,,9.06,,,,,,
2024-12-20,,8.72,,,,,,
2024-12-13,,8.82,,,,,,
2024-12-06,,9.09,,,,,,
2024-11-29,12.06,9.1,9.11,9.12,7.59,7.87,9.36,12.63
2024-11-22,,9.08,,,,,,
2024-11-14,,9.11,,,,,,
2024-11-08,,9.16,,,,,,
2024-11-01,,9.05,9.14,9.21,,,,
2024-10-30,12.09,,,,7.61,8.11,9.46,12.81
2024-10-25,,9.17,,,,,,
2024-10-18,,9.1,,,,,,
2024-10-11,,9.25,,,,,,
2024-10-04,,9.13,,,,,,
2024-09-30,12.14,,,,7.7,8.45,9.46,12.88
2024-09-27,,9.32,9.31,9.41,,,,
2024-09-20,,9.38,,,,,,
2024-09-13,,9.23,,,,,,
2024-09-06,,9.32,,,,,,
2024-08-30,12.12,9.13,9.1,9.71,7.87,8.88,9.67,12.88
2024-08-23,,9.13,,,,,,
2024-08-16,,9.07,,,,,,
2024-08-09,,9.05,,,,,,
2024-08-02,,9.04,8.97,10.13,,,,
2024-07-31,12.25,,,,8.04,9.37,9.9,13.07
2024-07-26,,8.81,,,,,,
2024-07-19,,9.12,,,,,,
2024-07-12,,8.85,,,,,,
2024-07-05,,9.04,,,,,,
2024-06-28,12.47,8.78,9.08,10.62,8.38,9.89,10.39,13.32
2024-06-20,,9.09,,,,,,
2024-06-14,,9.15,,,,,,
2024-06-07,,9.28,,,,,,
2024-05-31,12.81,9.36,9.65,11.18,9.05,10.43,11.36,13.72
2024-05-22,,9.68,,,,,,
2024-05-17,,9.65,,,,,,
2024-05-10,,9.92,,,,,,
2024-05-03,,10.15,10.38,11.76,,,,
2024-04-30,13.14,,,,9.66,10.94,12.12,14.07
2024-04-26,,10.13,,,,,,
2024-04-19,,10.41,,,,,,
2024-04-10,,10.63,,,,,,
2024-04-05,,10.56,,,,,,
2024-03-28,13.43,10.69,11.11,12.35,10.3,11.46,13.1,14.41
2024-03-22,,11.04,,,,,,
2024-03-15,,11.35,,,,,,
2024-03-07,,11.35,,,,,,
2024-03-01,,11.42,11.59,12.99,,,,
2024-02-29,13.74,,,,10.8,11.97,13.77,14.72
2024-02-22,,11.5,,,,,,
2024-02-16,,11.61,,,,,,
2024-02-09,,11.83,,,,,,
2024-02-02,,11.91,11.94,13.75,,,,
2024-01-31,13.88,,,,11.15,12.53,14.28,14.98
2024-01-26,,12.25,,,,,,
2024-01-19,,11.78,,,,,,
2024-01-12,,11.87,,,,,,
2024-01-05,,11.87,,,,,,
2023-12-29,14.21,12.13,12.39,14.79,11.64,13.13,14.88,15.33
2023-12-22,,12.19,,,,,,
2023-12-15,,12.46,,,,,,
2023-12-08,,12.79,,,,,,
2023-12-01,,13.03,13.13,16.06,,,,
2023-11-30,14.66,,,,12.11,13.71,15.54,16.02
2023-11-24,,13.05,,,,,,
2023-11-17,,13.14,,,,,,
2023-11-10,,13.31,,,,,,
2023-11-03,,13.88,13.94,17.34,,,,
2023-10-31,15.18,,,,12.75,14.23,16.34,16.45
2023-10-27,,13.86,,,,,,
2023-10-20,,13.68,,,,,,
2023-10-13,,14.0,,,,,,
2023-10-06,,14.3,,,,,,
2023-09-27,15.62,14.67,14.96,18.65,13.39,14.62,17.24,17.1
2023-09-22,,14.81,,,,,,
2023-09-15,,15.21,,,,,,
2023-09-08,,15.14,,,,,,
2023-09-01,,15.29,16.11,19.9,,,,
2023-08-31,16.2,,,,14.15,14.9,18.26,17.67
2023-08-25,,15.59,,,,,,
2023-08-18,,16.02,,,,,,
2023-08-11,,16.67,,,,,,
2023-08-04,,16.96,,,,,,
2023-07-31,16.9,,,,14.76,15.0,19.02,18.54
2023-07-28,,17.18,18.2,21.33,,,,
2023-07-21,,17.76,,,,,,
2023-07-14,,18.69,,,,,,
2023-07-07,,19.17,,,,,,
2023-06-28,17.51,19.47,20.04,22.75,15.09,14.98,19.7,19.13
2023-06-23,,19.69,,,,,,
2023-06-16,,20.26,,,,,,
2023-06-09,,20.73,,,,,,
2023-06-02,,20.29,20.81,24.11,,,,
2023-05-31,17.75,,,,15.23,14.81,19.84,19.14
2023-05-26,,21.28,,,,,,
2023-05-19,,20.34,,,,,,
2023-05-12,,21.32,,,,,,
2023-05-04,,20.84,,,,,,
2023-04-28,17.87,21.03,21.8,25.35,15.12,14.5,19.72,19.04
2023-04-21,,21.45,,,,,,
2023-04-12,,22.09,,,,,,
2023-04-06,,22.63,,,,,,
2023-03-31,18.29,21.4,22.42,26.4,15.06,14.08,19.8,19.91
2023-03-24,,21.74,,,,,,
2023-03-17,,23.78,,,,,,
2023-03-10,,22.74,,,,,,
2023-03-03,,23.45,24.71,27.02,,,,
2023-02-28,18.5,,,,14.74,13.51,19.23,20.29
2023-02-24,,24.21,,,,,,
2023-02-17,,25.35,,,,,,
2023-02-10,,25.83,,,,,,
2023-02-03,,24.82,26.73,27.11,,,,
2023-01-31,18.66,,,,14.63,12.8,19.15,20.49
2023-01-27,,25.28,,,,,,
2023-01-20,,27.54,,,,,,
2023-01-13,,27.93,,,,,,
2023-01-05,,28.07,,,,,,
2022-12-30,18.7,27.24,28.19,26.53,14.06,11.95,18.49,20.73
2022-12-23,,28.68,,,,,,
2022-12-16,,28.31,,,,,,
2022-12-09,,28.51,,,,,,
2022-12-02,,27.89,28.25,25.49,,,,
2022-11-30,18.42,,,,13.37,11.01,17.59,20.15
2022-11-25,,29.67,,,,,,
2022-11-18,,28.61,,,,,,
2022-11-11,,28.54,,,,,,
2022-11-04,,26.56,,,,,,
2022-10-31,17.94,,,,12.6,9.95,16.66,19.56
2022-10-28,,27.46,28.1,24.2,,,,
2022-10-21,,29.51,,,,,,
2022-10-14,,28.73,,,,,,
2022-10-07,,26.7,,,,,,
2022-09-30,17.58,25.95,26.16,21.68,11.63,8.77,15.41,18.9
2022-09-23,,26.89,,,,,,
2022-09-16,,25.51,,,,,,
2022-09-09,,26.27,,,,,,
2022-09-02,,25.76,25.26,18.9,,,,
2022-08-31,16.86,,,,10.49,7.69,13.9,18.06
2022-08-26,,25.76,,,,,,
2022-08-19,,25.68,,,,,,
2022-08-12,,25.31,,,,,,
2022-08-05,,23.78,,,,,,
2022-07-29,15.94,24.94,23.23,16.18,9.56,6.79,12.6,16.84
2022-07-22,,23.53,,,,,,
2022-07-15,,22.19,,,,,,
2022-07-08,,22.27,,,,,,
2022-07-01,,22.62,21.94,13.72,,,,
2022-06-30,15.06,,,,8.41,6.03,11.06,15.86
2022-06-24,,22.27,,,,,,
2022-06-17,,21.27,,,,,,
2022-06-10,,21.6,,,,,,
2022-06-03,,22.11,20.49,11.45,,,,
2022-05-31,13.46,,,,6.99,5.45,8.97,14.19
2022-05-27,,21.12,,,,,,
2022-05-20,,20.32,,,,,,
2022-05-13,,19.36,,,,,,
2022-05-06,,19.55,,,,,,
2022-04-29,11.31,16.38,13.02,9.35,5.52,5.09,6.84,11.72
2022-04-22,,14.2,,,,,,
2022-04-12,,11.06,,,,,,
2022-04-08,,10.44,,,,,,
2022-04-01,,9.85,9.47,8.37,,,,
2022-03-31,10.35,,,,5.17,4.97,6.3,10.91
2022-03-25,,9.71,,,,,,
2022-03-18,,9.46,,,,,,
2022-03-11,,9.13,,,,,,
2022-03-04,,9.21,,,,,,
2022-02-28,10.13,,,,5.07,4.9,6.15,10.64
2022-02-25,,8.99,8.95,7.86,,,,
2022-02-18,,9.09,,,,,,
2022-02-11,,8.86,,,,,,
2022-02-03,,8.86,,,,,,
2022-01-31,10.12,,,,5.01,4.84,6.05,10.64
2022-01-28,,8.52,8.42,7.34,,,,
2022-01-21,,8.65,,,,,,
2022-01-13,,8.58,,,,,,
2022-01-07,,7.93,,,,,,
2021-12-31,9.87,8.61,8.33,6.89,4.94,4.8,5.94,10.49
2021-12-24,,8.26,,,,,,
2021-12-17,,8.27,,,,,,
2021-12-10,,8.16,,,,,,
2021-12-03,,8.0,7.89,6.45,,,,
2021-11-30,9.79,,,,4.82,4.79,5.75,10.49
2021-11-26,,8.17,,,,,,
2021-11-19,,8.03,,,,,,
2021-11-12,,7.64,,,,,,
2021-11-05,,7.62,,,,,,
2021-10-29,9.49,7.82,7.18,6.08,4.79,4.82,5.7,10.04
2021-10-22,,7.23,,,,,,
2021-10-15,,6.95,,,,,,
2021-10-08,,6.71,,,,,,
2021-10-01,,6.42,6.39,5.82,,,,
2021-09-30,9.37,,,,4.75,4.86,5.64,9.83
2021-09-24,,6.46,,,,,,
2021-09-17,,6.4,,,,,,
2021-09-10,,6.28,,,,,,
2021-09-03,,6.01,5.85,5.7,,,,
2021-08-31,9.38,,,,4.75,4.94,5.62,9.91
2021-08-27,,5.94,,,,,,
2021-08-20,,5.87,,,,,,
2021-08-13,,5.71,,,,,,
2021-08-06,,5.72,,,,,,
2021-07-30,9.45,5.76,5.7,5.68,4.77,5.04,5.67,9.87
2021-07-22,,5.65,,,,,,
2021-07-16,,5.74,,,,,,
2021-07-09,,5.63,,,,,,
2021-07-02,,5.51,5.67,5.7,,,,
2021-06-30,9.5,,,,4.87,5.18,5.82,10.05
2021-06-25,,5.82,,,,,,
2021-06-18,,5.74,,,,,,
2021-06-11,,5.64,,,,,,
2021-06-04,,5.63,,,,,,
2021-05-31,9.64,,,,4.97,5.33,5.94,10.2
2021-05-28,,5.65,5.69,5.71,,,,
2021-05-21,,5.66,,,,,,
2021-05-13,,5.72,,,,,,
2021-05-07,,5.74,,,,,,
2021-04-30,9.73,5.86,5.65,5.76,5.07,5.5,6.09,10.24
2021-04-23,,5.54,,,,,,
2021-04-16,,5.75,,,,,,
2021-04-09,,5.43,,,,,,
2021-04-01,,5.78,5.67,5.83,,,,
2021-03-31,9.91,,,,5.2,5.7,6.29,10.5
2021-03-26,,5.75,,,,,,
2021-03-19,,5.61,,,,,,
2021-03-12,,5.54,,,,,,
2021-03-05,,5.67,,,,,,
2021-02-25,10.08,5.76,5.72,5.96,5.36,5.9,6.53,10.74
2021-02-19,,5.69,,,,,,
2021-02-12,,5.83,,,,,,
2021-02-05,,5.59,,,,,,
2021-01-29,10.17,5.9,5.82,6.17,5.58,6.13,6.88,10.56
2021-01-22,,5.76,,,,,,
2021-01-15,,5.88,,,,,,
2021-01-08,,5.75,,,,,,
2021-01-01,,5.81,5.74,6.5,,,,
2020-12-31,10.29,,,,5.8,6.4,7.14,10.95
2020-12-24,,5.83,,,,,,
2020-12-18,,5.7,,,,,,
2020-12-11,,5.66,,,,,,
2020-12-04,,5.71,,,,,,
2020-11-30,10.55,,,,6.01,6.66,7.37,11.18
2020-11-27,,5.83,5.95,7.01,,,,
2020-11-20,,5.95,,,,,,
2020-11-13,,6.04,,,,,,
2020-11-06,,5.96,,,,,,
2020-10-29,10.82,5.85,6.1,7.56,6.23,6.92,7.59,11.43
2020-10-23,,5.72,,,,,,
2020-10-16,,6.51,,,,,,
2020-10-09,,6.32,,,,,,
2020-10-02,,6.19,6.42,8.11,,,,
2020-09-30,11.21,,,,6.44,7.18,7.9,11.75
2020-09-25,,6.45,,,,,,
2020-09-18,,6.25,,,,,,
2020-09-11,,6.65,,,,,,
2020-09-04,,6.55,,,,,,
2020-08-31,11.84,,,,6.74,7.42,8.26,12.09
2020-08-28,,6.66,7.01,8.6,,,,
2020-08-21,,6.98,,,,,,
2020-08-14,,7.0,,,,,,
2020-08-07,,7.4,,,,,,
2020-07-31,12.29,7.47,7.79,9.02,7.16,7.64,8.69,12.34
2020-07-24,,7.63,,,,,,
2020-07-17,,7.95,,,,,,
2020-07-10,,8.11,,,,,,
2020-07-03,,8.48,8.78,9.33,,,,
2020-06-30,12.64,,,,7.38,7.8,9.0,
2020-06-26,,8.65,,,,,,
2020-06-19,,8.94,,,,,,
2020-06-12,,8.9,,,,,,
2020-06-04,,8.95,,,,,,
2020-05-29,12.96,9.16,9.28,9.53,7.57,7.94,9.26,
2020-05-22,,9.23,,,,,,
2020-05-15,,9.31,,,,,,
2020-05-06,,9.41,,,,,,
2020-04-30,13.08,9.49,9.38,9.69,7.77,8.06,9.51,
2020-04-24,,9.31,,,,,,
2020-04-17,,9.31,,,,,,
2020-04-09,,9.42,,,,,,
2020-04-03,,9.24,9.35,9.86,,,,
2020-03-31,13.22,,,,7.9,8.16,9.65,
2020-03-27,,9.29,,,,,,
2020-03-20,,9.37,,,,,,
2020-03-13,,9.47,,,,,,
2020-03-06,,9.38,,,,,,
2020-02-28,13.36,9.47,9.51,10.07,8.06,8.26,9.83,
2020-02-20,,9.59,,,,,,
2020-02-14,,9.52,,,,,,
2020-02-07,,9.47,,,,,,
2020-01-31,13.47,9.68,9.68,10.26,8.14,8.37,9.97,
2020-01-24,,9.62,,,,,,
2020-01-17,,9.65,,,,,,
2020-01-09,,9.76,,,,,,
2020-01-03,,9.74,10.0,10.47,,,,
2019-12-31,13.59,,,,8.2,8.49,10.05,
2019-12-27,,9.94,,,,,,
2019-12-20,,10.04,,,,,,
2019-12-13,,10.0,,,,,,
2019-12-06,,10.3,,,,,,
2019-11-29,13.65,10.15,10.21,10.71,8.27,8.62,10.14,
2019-11-22,,10.2,,,,,,
2019-11-15,,10.26,,,,,,
2019-11-08,,10.25,,,,,,
2019-11-01,,10.44,10.42,11.01,,,,
2019-10-31,13.71,,,,8.37,8.74,10.27,
2019-10-25,,10.29,,,,,,
2019-10-18,,10.42,,,,,,
2019-10-11,,10.48,,,,,,
2019-10-04,,10.46,,,,,,
2019-09-30,13.91,,,,8.51,8.84,10.46,
2019-09-27,,10.49,10.57,11.29,,,,
2019-09-20,,10.56,,,,,,
2019-09-12,,10.64,,,,,,
2019-09-06,,10.6,,,,,,
2019-08-30,14.04,10.66,10.69,11.57,8.73,8.92,10.74,
2019-08-23,,10.82,,,,,,
2019-08-16,,10.77,,,,,,
2019-08-09,,10.52,,,,,,
2019-08-02,,10.89,10.93,11.83,,,,
2019-07-31,14.22,,,,,,,
2019-07-30,,,,,8.88,8.94,10.97,
2019-07-26,,10.84,,,,,,
2019-07-19,,10.84,,,,,,
2019-07-12,,10.97,,,,,,
2019-07-05,,11.13,,,,,,
2019-06-28,14.36,11.52,11.45,12.02,8.94,8.94,11.07,
2019-06-21,,11.53,,,,,,
2019-06-14,,11.32,,,,,,
2019-06-07,,11.44,,,,,,
2019-05-31,14.48,11.82,12.01,12.1,9.0,8.91,11.19,
2019-05-24,,11.93,,,,,,
2019-05-17,,12.14,,,,,,
2019-05-10,,12.15,,,,,,
2019-05-03,,12.2,12.07,12.12,,,,
2019-04-30,14.47,,,,8.97,8.88,11.15,
2019-04-26,,12.24,,,,,,
2019-04-18,,11.99,,,,,,
2019-04-12,,12.0,,,,,,
2019-04-05,,11.94,,,,,,
2019-03-29,14.49,12.23,12.23,12.16,8.98,8.84,11.11,
2019-03-22,,12.22,,,,,,
2019-03-15,,12.17,,,,,,
2019-03-08,,12.31,,,,,,
2019-03-01,,12.51,12.3,12.08,,,,
2019-02-28,14.48,,,,8.88,8.79,10.96,
2019-02-22,,12.37,,,,,,
2019-02-15,,12.08,,,,,,
2019-02-08,,12.22,,,,,,
2019-02-01,,12.27,12.05,11.97,,,,
2019-01-31,14.44,,,,8.85,8.75,10.91,
2019-01-25,,12.2,,,,,,
2019-01-18,,12.03,,,,,,
2019-01-11,,11.82,,,,,,
2019-01-04,,11.92,,,,,,
2018-12-31,14.4,,,,8.81,8.72,10.85,
2018-12-28,,12.09,11.94,11.86,,,,
2018-12-21,,11.93,,,,,,
2018-12-14,,11.93,,,,,,
2018-12-07,,11.81,,,,,,
2018-11-30,14.5,12.03,12.12,11.74,8.77,8.74,10.81,
2018-11-23,,12.2,,,,,,
2018-11-16,,12.28,,,,,,
2018-11-09,,11.95,,,,,,
2018-11-02,,12.25,12.34,11.61,,,,
2018-10-31,14.36,,,,8.73,8.76,10.78,
2018-10-26,,12.82,,,,,,
2018-10-19,,12.41,,,,,,
2018-10-12,,12.34,,,,,,
2018-10-05,,11.86,,,,,,
2018-09-28,14.27,11.74,11.72,11.43,8.69,8.8,10.84,
2018-09-21,,11.83,,,,,,
2018-09-14,,11.79,,,,,,
2018-09-07,,11.53,,,,,,
2018-08-31,14.18,11.67,11.65,11.33,8.66,8.85,10.81,
2018-08-24,,11.91,,,,,,
2018-08-17,,11.62,,,,,,
2018-08-10,,11.41,,,,,,
2018-08-03,,11.52,11.41,11.26,,,,
2018-07-31,14.07,,,,8.64,8.92,10.82,
2018-07-26,,11.44,,,,,,
2018-07-20,,11.42,,,,,,
2018-07-13,,11.34,,,,,,
2018-07-06,,11.33,,,,,,
2018-06-29,14.05,11.33,11.2,11.24,8.92,8.99,11.26,
2018-06-22,,10.92,,,,,,
2018-06-14,,11.33,,,,,,
2018-06-08,,11.22,,,,,,
2018-06-01,,11.42,11.34,11.27,,,,
2018-05-31,14.06,,,,8.91,9.01,11.23,
2018-05-25,,11.19,,,,,,
2018-05-18,,11.39,,,,,,
2018-05-11,,11.27,,,,,,
2018-05-04,,11.45,,,,,,
2018-04-27,14.13,11.21,11.27,11.27,8.98,9.06,11.38,
2018-04-20,,11.32,,,,,,
2018-04-12,,11.44,,,,,,
2018-04-06,,11.12,,,,,,
2018-03-29,14.04,11.55,11.1,11.28,9.0,9.1,11.41,
2018-03-23,,10.99,,,,,,
2018-03-16,,10.82,,,,,,
2018-03-09,,11.03,,,,,,
2018-03-02,,11.43,11.27,11.33,,,,
2018-02-28,14.03,,,,9.05,9.14,11.45,
2018-02-23,,11.22,,,,,,
2018-02-16,,11.25,,,,,,
2018-02-09,,11.16,,,,,,
2018-02-02,,11.04,11.29,11.4,,,,
2018-01-30,14.06,,,,9.08,9.17,11.54,
2018-01-26,,11.11,,,,,,
2018-01-19,,11.43,,,,,,
2018-01-12,,11.4,,,,,,
2018-01-05,,11.46,,,,,,
2017-12-29,13.88,11.55,11.33,11.5,9.07,9.19,11.48,
2017-12-22,,10.92,,,,,,
2017-12-15,,11.26,,,,,,
2017-12-08,,11.58,,,,,,
2017-11-30,13.89,11.43,11.4,11.58,9.19,9.2,11.69,
2017-11-24,,11.48,,,,,,
2017-11-17,,11.29,,,,,,
2017-11-10,,11.38,,,,,,
2017-11-02,,11.25,11.3,11.63,,,,
2017-10-31,13.89,,,,9.22,9.17,11.72,
2017-10-27,,11.32,,,,,,
2017-10-20,,11.09,,,,,,
2017-10-13,,11.23,,,,,,
2017-10-06,,11.63,,,,,,
2017-09-29,13.83,11.55,11.42,11.7,9.25,9.11,11.81,
2017-09-22,,11.37,,,,,,
2017-09-15,,11.4,,,,,,
2017-09-08,,11.34,,,,,,
2017-08-31,13.9,11.37,11.67,11.73,9.21,9.04,11.78,
2017-08-25,,11.75,,,,,,
2017-08-18,,11.52,,,,,,
2017-08-11,,11.72,,,,,,
2017-08-04,,11.98,,,,,,
2017-07-31,13.83,,,,9.19,8.95,11.78,
2017-07-28,,12.26,11.88,11.71,,,,
2017-07-21,,12.0,,,,,,
2017-07-14,,11.84,,,,,,
2017-07-07,,11.4,,,,,,
2017-06-30,13.73,11.7,11.84,11.64,9.13,8.82,11.66,
2017-06-23,,11.69,,,,,,
2017-06-16,,11.88,,,,,,
2017-06-09,,12.08,,,,,,
2017-06-02,,11.4,11.67,11.62,,,,
2017-05-31,13.57,,,,8.99,8.66,11.52,
2017-05-26,,11.34,,,,,,
2017-05-19,,11.76,,,,,,
2017-05-12,,11.98,,,,,,
2017-05-05,,11.89,,,,,,
2017-04-28,13.52,11.78,11.74,11.67,8.89,8.49,11.43,
2017-04-21,,11.63,,,,,,
2017-04-12,,11.77,,,,,,
2017-04-07,,11.78,,,,,,
2017-03-31,13.4,11.79,11.56,11.76,8.81,8.31,11.38,
2017-03-24,,11.32,,,,,,
2017-03-17,,11.4,,,,,,
2017-03-10,,11.72,,,,,,
2017-03-03,,11.7,11.55,11.88,,,,
2017-02-28,13.29,,,,8.66,8.1,11.15,
2017-02-23,,11.36,,,,,,
2017-02-17,,11.61,,,,,,
2017-02-09,,11.54,,,,,,
2017-02-03,,11.49,11.48,11.92,,,,
2017-01-31,13.28,,,,8.42,7.88,10.84,
2017-01-27,,11.22,,,,,,
2017-01-20,,11.38,,,,,,
2017-01-13,,11.47,,,,,,
2017-01-06,,11.84,,,,,,
2016-12-30,13.2,11.52,11.73,11.81,8.17,7.66,10.46,
2016-12-23,,11.58,,,,,,
2016-12-16,,11.92,,,,,,
2016-12-09,,11.88,,,,,,
2016-12-02,,11.82,11.98,11.61,,,,
2016-11-30,13.11,,,,8.0,7.44,10.25,
2016-11-25,,11.62,,,,,,
2016-11-18,,12.38,,,,,,
2016-11-11,,11.95,,,,,,
2016-11-04,,12.14,,,,,,
2016-10-31,13.08,,,,7.79,7.23,9.95,
2016-10-28,,11.98,12.25,11.29,,,,
2016-10-21,,12.35,,,,,,
2016-10-14,,12.22,,,,,,
2016-10-07,,12.43,,,,,,
2016-09-30,12.88,12.12,12.29,10.84,7.56,7.03,9.67,
2016-09-23,,12.26,,,,,,
2016-09-15,,12.57,,,,,,
2016-09-09,,12.22,,,,,,
2016-09-02,,12.03,11.76,10.27,,,,
2016-08-31,12.54,,,,7.32,6.84,9.31,
2016-08-26,,11.89,,,,,,
2016-08-19,,11.68,,,,,,
2016-08-12,,11.74,,,,,,
2016-08-05,,11.45,,,,,,
2016-07-29,12.35,10.98,10.87,9.69,7.1,6.67,8.99,
2016-07-22,,10.96,,,,,,
2016-07-15,,10.89,,,,,,
2016-07-08,,10.64,,,,,,
2016-07-01,,10.7,10.48,9.17,,,,
2016-06-30,12.09,,,,6.87,6.53,8.64,
2016-06-24,,10.23,,,,,,
2016-06-17,,10.5,,,,,,
2016-06-10,,10.47,,,,,,
2016-06-03,,10.23,10.1,8.66,,,,
2016-05-31,11.89,,,,6.72,6.42,8.4,
2016-05-27,,10.15,,,,,,
2016-05-20,,10.0,,,,,,
2016-05-13,,10.12,,,,,,
2016-05-06,,10.01,,,,,,
2016-04-29,11.66,9.82,9.55,8.2,6.58,6.32,8.18,
2016-04-22,,9.56,,,,,,
2016-04-15,,9.54,,,,,,
2016-04-08,,9.28,,,,,,
2016-04-01,,9.19,8.87,7.8,,,,
2016-03-31,11.45,,,,6.44,6.23,7.92,
2016-03-24,,9.12,,,,,,
2016-03-18,,8.81,,,,,,
2016-03-11,,8.57,,,,,,
2016-03-04,,8.65,,,,,,
2016-02-29,11.3,,,,6.33,6.16,7.75,
2016-02-26,,8.37,8.28,7.48,,,,
2016-02-19,,8.35,,,,,,
2016-02-12,,8.29,,,,,,
2016-02-05,,8.11,,,,,,
2016-01-29,11.15,7.92,7.76,7.24,6.26,6.11,7.66,
2016-01-22,,7.79,,,,,,
2016-01-14,,7.76,,,,,,
2016-01-08,,7.58,,,,,,
2016-01-01,,7.53,7.4,7.1,,,,
